	401	3040	418	419	166	1750	3185	394	3156	1586	2866	183	1584	3164	122	2714	8820	3039	3179	8718	8727	2731	3158	119	143	178	2723	190	2824	172	3173	3129	3160	407	136	3180	186	2863	141	1587	188	135	4	3142	149	2963	3191	157	10924	3175	8730	154	2718	138	146	139	3186	164	3	1585	3131	142	173	3193	120	109	187	2826	111	420	3154	147	177	3187	3192	2883	8719	140	395	159	165	3194	1583	412	8625	144	2729	118	415	3188	3041	3162	116
401	1.0	0.0	0.0	0.0	0.0	0.0	0.0	0.0	0.0	0.0	0.0	0.0	0.0	0.0	0.0	0.0	0.0	0.0	0.0	0.0	0.0	0.0	0.0	0.0	0.0	0.0	0.0	0.0	0.0	0.0	0.0	0.0	0.0	0.0	0.0	0.0	0.0	0.0	0.0	0.0	0.0	0.0	0.0	0.0	0.0	0.0	0.0	0.0	0.0	0.0	0.0	0.0	0.0	0.0	0.0	0.0	0.0	0.0	0.0	0.0	0.0	0.0	0.0	0.0	0.0	0.0	0.0	0.0	0.0	0.0	0.0	0.0	0.0	0.0	0.0	0.0	0.0	0.0	0.0	0.0	0.0	0.0	0.0	0.0	0.0	0.0	0.0	0.0	0.0	0.0	0.0	0.0	0.0
3040	0.0	0.989130434783	0.0	0.0	0.0	0.0	0.0	0.0	0.0	0.0	0.0	0.0	0.0	0.0	0.0	0.0	0.0	0.0	0.0	0.0	0.0	0.0	0.0	0.0	0.0	0.0	0.0	0.0	0.0	0.0	0.0	0.0	0.0	0.0	0.0	0.0	0.0	0.0	0.0	0.0	0.0	0.0	0.0	0.0	0.0	0.0	0.0	0.0	0.0	0.0	0.0	0.0	0.0	0.0	0.0	0.0	0.0	0.0	0.0108695652174	0.0	0.0	0.0	0.0	0.0	0.0	0.0	0.0	0.0	0.0	0.0	0.0	0.0	0.0	0.0	0.0	0.0	0.0	0.0	0.0	0.0	0.0	0.0	0.0	0.0	0.0	0.0	0.0	0.0	0.0	0.0	0.0	0.0	0.0
418	0.0108695652174	0.0	0.45652173913	0.0108695652174	0.0108695652174	0.010989010989	0.0108695652174	0.0108695652174	0.0	0.0	0.0	0.0108695652174	0.0	0.0	0.0	0.0108695652174	0.0108695652174	0.0	0.0108695652174	0.0	0.0	0.0	0.0	0.0	0.0108695652174	0.0	0.0	0.0108695652174	0.0108695652174	0.0	0.0108695652174	0.0108695652174	0.0	0.0108695652174	0.0	0.0	0.0108695652174	0.0108695652174	0.0108695652174	0.0	0.0108695652174	0.0108695652174	0.0	0.0	0.0108695652174	0.0	0.0108695652174	0.0108695652174	0.0	0.0108695652174	0.0	0.0108695652174	0.0	0.0	0.0	0.0108695652174	0.0108695652174	0.0108695652174	0.0108695652174	0.0	0.0108695652174	0.0	0.0108695652174	0.0108695652174	0.0108695652174	0.0108695652174	0.0108695652174	0.0108695652174	0.0	0.0108695652174	0.0108695652174	0.0108695652174	0.0	0.0108695652174	0.0108695652174	0.0	0.0	0.0108695652174	0.0108695652174	0.0108695652174	0.0108695652174	0.0108695652174	0.0	0.0	0.0	0.0108695652174	0.0	0.0108695652174	0.0	0.0108695652174	0.0	0.0	0.0
419	0.0108695652174	0.0	0.0	0.79347826087	0.0	0.0	0.0108695652174	0.0	0.0	0.0	0.0	0.0108695652174	0.0	0.0	0.0	0.0108695652174	0.0108695652174	0.0	0.0	0.0	0.0	0.0	0.0	0.0	0.0	0.0	0.0	0.0	0.0	0.0	0.0108695652174	0.0108695652174	0.0	0.0	0.0	0.0	0.0108695652174	0.0	0.0	0.0	0.0	0.0	0.0	0.0	0.0	0.0	0.0108695652174	0.0	0.0	0.0108695652174	0.0	0.0	0.0	0.0	0.0	0.0	0.0108695652174	0.0	0.0	0.0	0.0108695652174	0.0	0.0	0.0108695652174	0.0	0.0	0.0108695652174	0.0	0.0	0.0	0.0	0.0	0.0	0.0108695652174	0.0108695652174	0.0	0.0	0.0	0.0108695652174	0.0	0.0	0.0108695652174	0.0	0.0	0.0	0.0	0.0	0.0	0.0	0.0108695652174	0.0	0.0	0.0
166	0.0	0.0	0.0	0.0	0.815217391304	0.0	0.0108695652174	0.0	0.0	0.0	0.0	0.0	0.0	0.0	0.0	0.0108695652174	0.0108695652174	0.0	0.0	0.0	0.0	0.0	0.0	0.0	0.0	0.0	0.0	0.0	0.0	0.0	0.0108695652174	0.0108695652174	0.0	0.0	0.0	0.0	0.0	0.0	0.0	0.0	0.0	0.0	0.0	0.0	0.0	0.0	0.0108695652174	0.0108695652174	0.0	0.0108695652174	0.0	0.0	0.0	0.0	0.0	0.0	0.0108695652174	0.0	0.0	0.0	0.0108695652174	0.0	0.0	0.0108695652174	0.0	0.0	0.0108695652174	0.0	0.0	0.0	0.0	0.0	0.0	0.0108695652174	0.0108695652174	0.0	0.0	0.0	0.0108695652174	0.0	0.0	0.0108695652174	0.0	0.0	0.0	0.0	0.0	0.0	0.0	0.0108695652174	0.0	0.0	0.0
1750	0.0108695652174	0.0108695652174	0.0	0.0108695652174	0.0108695652174	0.340659340659	0.0108695652174	0.0108695652174	0.0	0.0108695652174	0.0	0.0108695652174	0.0108695652174	0.0108695652174	0.0	0.0108695652174	0.0108695652174	0.0	0.0108695652174	0.0	0.0	0.0108695652174	0.0	0.0108695652174	0.0108695652174	0.0	0.0108695652174	0.0108695652174	0.0108695652174	0.0108695652174	0.0108695652174	0.0108695652174	0.0	0.0108695652174	0.0	0.0	0.0108695652174	0.0108695652174	0.0108695652174	0.0	0.0108695652174	0.0108695652174	0.0	0.0108695652174	0.0	0.0	0.0108695652174	0.0108695652174	0.0108695652174	0.0108695652174	0.0	0.0	0.0108695652174	0.0	0.0	0.0108695652174	0.0108695652174	0.0	0.0108695652174	0.0108695652174	0.0108695652174	0.0	0.0108695652174	0.0108695652174	0.0	0.0108695652174	0.0108695652174	0.0	0.0	0.0108695652174	0.0108695652174	0.0	0.0108695652174	0.0108695652174	0.0108695652174	0.0	0.0	0.0108695652174	0.0108695652174	0.0108695652174	0.0108695652174	0.0108695652174	0.0108695652174	0.0108695652174	0.0	0.0108695652174	0.0108695652174	0.0108695652174	0.0108695652174	0.0108695652174	0.0	0.0	0.0
3185	0.0	0.0	0.0	0.0	0.0	0.0	1.0	0.0	0.0	0.0	0.0	0.0	0.0	0.0	0.0	0.0	0.0	0.0	0.0	0.0	0.0	0.0	0.0	0.0	0.0	0.0	0.0	0.0	0.0	0.0	0.0	0.0	0.0	0.0	0.0	0.0	0.0	0.0	0.0	0.0	0.0	0.0	0.0	0.0	0.0	0.0	0.0	0.0	0.0	0.0	0.0	0.0	0.0	0.0	0.0	0.0	0.0	0.0	0.0	0.0	0.0	0.0	0.0	0.0	0.0	0.0	0.0	0.0	0.0	0.0	0.0	0.0	0.0	0.0	0.0	0.0	0.0	0.0	0.0	0.0	0.0	0.0	0.0	0.0	0.0	0.0	0.0	0.0	0.0	0.0	0.0	0.0	0.0
394	0.0	0.0	0.0	0.0	0.0	0.0	0.0	1.0	0.0	0.0	0.0	0.0	0.0	0.0	0.0	0.0	0.0	0.0	0.0	0.0	0.0	0.0	0.0	0.0	0.0	0.0	0.0	0.0	0.0	0.0	0.0	0.0	0.0	0.0	0.0	0.0	0.0	0.0	0.0	0.0	0.0	0.0	0.0	0.0	0.0	0.0	0.0	0.0	0.0	0.0	0.0	0.0	0.0	0.0	0.0	0.0	0.0	0.0	0.0	0.0	0.0	0.0	0.0	0.0	0.0	0.0	0.0	0.0	0.0	0.0	0.0	0.0	0.0	0.0	0.0	0.0	0.0	0.0	0.0	0.0	0.0	0.0	0.0	0.0	0.0	0.0	0.0	0.0	0.0	0.0	0.0	0.0	0.0
3156	0.0108695652174	0.0	0.0108695652174	0.0	0.0108695652174	0.0	0.0	0.0108695652174	0.782608695652	0.0	0.0	0.0108695652174	0.0	0.0108695652174	0.0	0.0	0.0	0.0	0.0	0.0	0.0	0.0108695652174	0.0108695652174	0.0	0.0108695652174	0.0	0.0	0.0	0.0108695652174	0.0	0.0	0.0108695652174	0.0108695652174	0.0108695652174	0.0	0.0	0.0	0.0	0.0	0.0	0.0	0.0	0.0	0.0	0.0	0.0	0.0	0.0	0.0	0.0	0.0	0.0	0.0	0.0	0.0	0.0	0.0	0.0108695652174	0.0	0.0	0.0	0.0	0.0	0.0	0.0	0.0108695652174	0.0	0.0108695652174	0.0	0.0108695652174	0.0	0.0	0.0	0.0	0.0	0.0	0.0	0.0	0.0	0.0	0.0	0.0	0.0	0.0	0.0	0.0108695652174	0.0108695652174	0.0108695652174	0.0	0.0	0.0	0.0	0.0
1586	0.0	0.0	0.0	0.0	0.0	0.0	0.0	0.0	0.0	0.989130434783	0.0	0.0	0.0	0.0	0.0	0.0	0.0	0.0	0.0	0.0	0.0	0.0	0.0	0.0	0.0	0.0	0.0	0.0	0.0	0.0	0.0	0.0	0.0	0.0	0.0	0.0	0.0	0.0	0.0	0.0	0.0	0.0	0.0	0.0	0.0	0.0	0.0	0.0	0.0	0.0	0.0	0.0	0.0	0.0	0.0	0.0	0.0	0.0	0.0	0.0	0.0	0.0	0.0	0.0	0.0	0.0	0.0	0.0	0.0	0.0	0.0	0.0	0.0	0.0	0.0	0.0	0.0	0.0	0.0	0.0	0.0	0.0	0.0108695652174	0.0	0.0	0.0	0.0	0.0	0.0	0.0	0.0	0.0	0.0
2866	0.0	0.0	0.0	0.0	0.0	0.010989010989	0.0108695652174	0.0	0.0	0.0108695652174	0.717391304348	0.0	0.0108695652174	0.0	0.0	0.0	0.0108695652174	0.0	0.0	0.0	0.0	0.0	0.0	0.0108695652174	0.0	0.0	0.0	0.0108695652174	0.0	0.0108695652174	0.0	0.0	0.0	0.0	0.0	0.0	0.0108695652174	0.0	0.0	0.0	0.0108695652174	0.0	0.0	0.0	0.0	0.0	0.0108695652174	0.0108695652174	0.0	0.0108695652174	0.0	0.0	0.0	0.0	0.0	0.0	0.0108695652174	0.0	0.0	0.0108695652174	0.0	0.0	0.0108695652174	0.0108695652174	0.0	0.0	0.0	0.0	0.0	0.0	0.0	0.0	0.0	0.0108695652174	0.0108695652174	0.0108695652174	0.0	0.0	0.0	0.0108695652174	0.0108695652174	0.0108695652174	0.0108695652174	0.0	0.0	0.0	0.0	0.0	0.0108695652174	0.0	0.0108695652174	0.0	0.0
183	0.0	0.0	0.0	0.0	0.0108695652174	0.0	0.0	0.0	0.0	0.0	0.0	0.989130434783	0.0	0.0	0.0	0.0	0.0	0.0	0.0	0.0	0.0	0.0	0.0	0.0	0.0	0.0	0.0	0.0	0.0	0.0	0.0	0.0	0.0	0.0	0.0	0.0	0.0	0.0	0.0	0.0	0.0	0.0	0.0	0.0	0.0	0.0	0.0	0.0	0.0	0.0	0.0	0.0	0.0	0.0	0.0	0.0	0.0	0.0	0.0	0.0	0.0	0.0	0.0	0.0	0.0	0.0	0.0	0.0	0.0	0.0	0.0	0.0	0.0	0.0	0.0	0.0	0.0	0.0	0.0	0.0	0.0	0.0	0.0	0.0	0.0	0.0	0.0	0.0	0.0	0.0	0.0	0.0	0.0
1584	0.0	0.0	0.0	0.0	0.0	0.0	0.0	0.0	0.0	0.0108695652174	0.0	0.0	0.978260869565	0.0	0.0	0.0	0.0	0.0	0.0	0.0	0.0	0.0	0.0	0.0	0.0	0.0	0.0	0.0	0.0	0.0	0.0	0.0	0.0	0.0	0.0	0.0	0.0	0.0	0.0	0.0	0.0	0.0	0.0	0.0	0.0	0.0	0.0	0.0	0.0	0.0	0.0	0.0	0.0	0.0	0.0	0.0	0.0	0.0	0.0	0.0	0.0	0.0	0.0	0.0	0.0	0.0	0.0	0.0	0.0	0.0	0.0	0.0	0.0	0.0	0.0	0.0	0.0	0.0	0.0	0.0	0.0	0.0	0.0108695652174	0.0	0.0	0.0	0.0	0.0	0.0	0.0	0.0	0.0	0.0
3164	0.0108695652174	0.0	0.0108695652174	0.0	0.0108695652174	0.010989010989	0.0108695652174	0.0108695652174	0.0	0.0	0.0	0.0108695652174	0.0	0.673913043478	0.0	0.0108695652174	0.0108695652174	0.0	0.0	0.0	0.0	0.0108695652174	0.0	0.0	0.0108695652174	0.0	0.0	0.0	0.0108695652174	0.0	0.0108695652174	0.0108695652174	0.0	0.0108695652174	0.0	0.0	0.0108695652174	0.0	0.0	0.0	0.0	0.0	0.0	0.0108695652174	0.0	0.0	0.0108695652174	0.0	0.0	0.0	0.0	0.0	0.0	0.0	0.0	0.0	0.0108695652174	0.0108695652174	0.0	0.0	0.0108695652174	0.0	0.0	0.0	0.0	0.0108695652174	0.0	0.0108695652174	0.0	0.0108695652174	0.0	0.0	0.0	0.0	0.0108695652174	0.0	0.0	0.0	0.0	0.0	0.0	0.0	0.0	0.0108695652174	0.0	0.0108695652174	0.0108695652174	0.0108695652174	0.0	0.0108695652174	0.0	0.0	0.0
122	0.0108695652174	0.0108695652174	0.0108695652174	0.0108695652174	0.0108695652174	0.010989010989	0.0108695652174	0.0108695652174	0.0108695652174	0.0108695652174	0.0	0.0108695652174	0.0108695652174	0.0108695652174	0.195652173913	0.0108695652174	0.0108695652174	0.0	0.0108695652174	0.0	0.0	0.0108695652174	0.0108695652174	0.0108695652174	0.0108695652174	0.0	0.0	0.0108695652174	0.0108695652174	0.0108695652174	0.0108695652174	0.0108695652174	0.0108695652174	0.0108695652174	0.0	0.0108695652174	0.0108695652174	0.0108695652174	0.0108695652174	0.0108695652174	0.0108695652174	0.0108695652174	0.0	0.0108695652174	0.0108695652174	0.0	0.0108695652174	0.0108695652174	0.0	0.0108695652174	0.010989010989	0.0108695652174	0.0	0.0	0.0108695652174	0.0108695652174	0.0108695652174	0.0108695652174	0.0108695652174	0.0108695652174	0.0108695652174	0.0108695652174	0.0108695652174	0.0108695652174	0.0108695652174	0.0108695652174	0.0108695652174	0.0108695652174	0.0	0.0108695652174	0.0	0.0108695652174	0.0	0.0108695652174	0.0108695652174	0.0108695652174	0.0	0.0108695652174	0.0108695652174	0.0108695652174	0.0108695652174	0.0108695652174	0.0108695652174	0.0108695652174	0.0	0.0108695652174	0.0108695652174	0.0108695652174	0.0108695652174	0.0108695652174	0.0108695652174	0.0108695652174	0.0
2714	0.0	0.0	0.0	0.0	0.0	0.0	0.0108695652174	0.0	0.0	0.0	0.0	0.0	0.0	0.0	0.0	0.847826086957	0.0108695652174	0.0	0.0	0.0	0.0	0.0	0.0	0.0	0.0	0.0	0.0	0.0	0.0	0.0	0.0108695652174	0.0108695652174	0.0	0.0	0.0	0.0	0.0	0.0	0.0	0.0	0.0	0.0	0.0	0.0	0.0	0.0	0.0108695652174	0.0	0.0	0.0108695652174	0.0	0.0	0.0	0.0	0.0	0.0	0.0108695652174	0.0	0.0	0.0	0.0108695652174	0.0	0.0	0.0108695652174	0.0	0.0	0.0108695652174	0.0	0.0	0.0	0.0	0.0	0.0	0.0108695652174	0.0108695652174	0.0	0.0	0.0	0.0	0.0	0.0	0.0108695652174	0.0	0.0	0.0	0.0	0.0	0.0	0.0	0.0108695652174	0.0	0.0	0.0
8820	0.0	0.0	0.0	0.0	0.0	0.0	0.0	0.0	0.0	0.0	0.0	0.0	0.0	0.0	0.0	0.0	0.923913043478	0.0	0.0	0.0	0.0	0.0	0.0	0.0	0.0	0.0	0.0	0.0108695652174	0.0	0.0	0.0	0.0	0.0	0.0	0.0	0.0	0.0	0.0	0.0	0.0	0.0	0.0	0.0	0.0	0.0	0.0	0.0108695652174	0.0108695652174	0.0	0.0108695652174	0.0	0.0	0.0	0.0	0.0	0.0	0.0108695652174	0.0	0.0	0.0	0.0	0.0	0.0	0.0	0.0	0.0	0.0108695652174	0.0	0.0	0.0	0.0	0.0	0.0	0.0	0.0	0.0	0.0	0.0	0.0	0.0	0.0	0.0108695652174	0.0	0.0	0.0	0.0	0.0	0.0	0.0	0.0	0.0	0.0	0.0
3039	0.0108695652174	0.0	0.0108695652174	0.0108695652174	0.0108695652174	0.010989010989	0.0108695652174	0.0108695652174	0.0	0.0108695652174	0.0	0.0108695652174	0.0	0.0	0.0	0.0108695652174	0.0108695652174	0.304347826087	0.0108695652174	0.0	0.0	0.0108695652174	0.0	0.0108695652174	0.0108695652174	0.0	0.0	0.0108695652174	0.0108695652174	0.0108695652174	0.0108695652174	0.0108695652174	0.0	0.0108695652174	0.0	0.0	0.0108695652174	0.0108695652174	0.0108695652174	0.0	0.0108695652174	0.0108695652174	0.0	0.0108695652174	0.0108695652174	0.0	0.0108695652174	0.0108695652174	0.0	0.0108695652174	0.010989010989	0.0108695652174	0.0	0.0	0.0108695652174	0.0108695652174	0.0108695652174	0.0108695652174	0.0108695652174	0.0	0.0108695652174	0.0108695652174	0.0108695652174	0.0108695652174	0.0108695652174	0.0108695652174	0.0108695652174	0.0108695652174	0.0	0.0108695652174	0.0108695652174	0.0108695652174	0.0	0.0108695652174	0.0108695652174	0.0	0.0	0.0108695652174	0.0108695652174	0.0108695652174	0.0108695652174	0.0108695652174	0.0108695652174	0.0108695652174	0.0	0.0108695652174	0.0108695652174	0.0108695652174	0.0108695652174	0.0108695652174	0.0108695652174	0.0	0.0
3179	0.0108695652174	0.0	0.0	0.0	0.0108695652174	0.0	0.0108695652174	0.0	0.0	0.0	0.0	0.0108695652174	0.0	0.0	0.0	0.0108695652174	0.0108695652174	0.0	0.739130434783	0.0	0.0	0.0	0.0	0.0	0.0	0.0	0.0	0.0108695652174	0.0	0.0	0.0108695652174	0.0108695652174	0.0	0.0	0.0	0.0	0.0108695652174	0.0	0.0	0.0	0.0	0.0	0.0	0.0	0.0	0.0	0.0108695652174	0.0108695652174	0.0	0.0108695652174	0.0	0.0	0.0	0.0	0.0	0.0	0.0108695652174	0.0	0.0	0.0	0.0108695652174	0.0	0.0	0.0108695652174	0.0	0.0108695652174	0.0108695652174	0.0	0.0	0.0	0.0	0.0	0.0	0.0108695652174	0.0108695652174	0.0	0.0	0.0	0.0108695652174	0.0	0.0	0.0108695652174	0.0	0.0	0.0	0.0	0.0	0.0108695652174	0.0	0.0108695652174	0.0	0.0	0.0
8718	0.0	0.0	0.0	0.0	0.0	0.0	0.0	0.0	0.0	0.0	0.0	0.0	0.0	0.0	0.0	0.0	0.0	0.0	0.0	0.989130434783	0.0108695652174	0.0	0.0	0.0	0.0	0.0	0.0	0.0	0.0	0.0	0.0	0.0	0.0	0.0	0.0	0.0	0.0	0.0	0.0	0.0	0.0	0.0	0.0	0.0	0.0	0.0	0.0	0.0	0.0	0.0	0.0	0.0	0.0	0.0	0.0	0.0	0.0	0.0	0.0	0.0	0.0	0.0	0.0	0.0	0.0	0.0	0.0	0.0	0.0	0.0	0.0	0.0	0.0	0.0	0.0	0.0	0.0	0.0	0.0	0.0	0.0	0.0	0.0	0.0	0.0	0.0	0.0	0.0	0.0	0.0	0.0	0.0	0.0
8727	0.0108695652174	0.0	0.0108695652174	0.0108695652174	0.0108695652174	0.010989010989	0.0108695652174	0.0108695652174	0.0	0.0108695652174	0.0	0.0108695652174	0.0108695652174	0.0	0.0	0.0108695652174	0.0108695652174	0.0	0.0108695652174	0.0	0.20652173913	0.0108695652174	0.0	0.0108695652174	0.0108695652174	0.0108695652174	0.0108695652174	0.0108695652174	0.0108695652174	0.0108695652174	0.0108695652174	0.0108695652174	0.0	0.0108695652174	0.0108695652174	0.0108695652174	0.0108695652174	0.0108695652174	0.0108695652174	0.0	0.0108695652174	0.0108695652174	0.0	0.0108695652174	0.0108695652174	0.0	0.0108695652174	0.0108695652174	0.0108695652174	0.0108695652174	0.010989010989	0.0108695652174	0.0108695652174	0.0108695652174	0.0	0.0108695652174	0.0108695652174	0.0108695652174	0.0108695652174	0.0108695652174	0.0108695652174	0.0	0.0108695652174	0.0108695652174	0.0108695652174	0.0108695652174	0.0108695652174	0.0108695652174	0.0	0.0108695652174	0.0108695652174	0.0108695652174	0.0	0.0108695652174	0.0108695652174	0.0	0.0	0.0108695652174	0.0108695652174	0.0108695652174	0.0108695652174	0.0108695652174	0.0108695652174	0.0108695652174	0.0108695652174	0.0108695652174	0.0108695652174	0.0108695652174	0.0108695652174	0.0108695652174	0.0108695652174	0.0	0.0108695652174
2731	0.0	0.0	0.0	0.0	0.0	0.0	0.0	0.0	0.0	0.0	0.0	0.0	0.0	0.0	0.0	0.0	0.0	0.0	0.0	0.0	0.0	0.989130434783	0.0	0.0	0.0	0.0	0.0	0.0	0.0	0.0	0.0	0.0	0.0	0.0	0.0	0.0	0.0	0.0	0.0	0.0	0.0	0.0	0.0	0.0	0.0	0.0	0.0	0.0	0.0	0.0	0.0	0.0	0.0	0.0	0.0	0.0	0.0	0.0	0.0	0.0	0.0	0.0	0.0	0.0	0.0	0.0	0.0	0.0	0.0	0.0	0.0	0.0	0.0	0.0	0.0	0.0	0.0	0.0	0.0	0.0	0.0	0.0	0.0	0.0	0.0	0.0	0.0	0.0	0.0	0.0	0.0	0.0108695652174	0.0
3158	0.0108695652174	0.0	0.0	0.0	0.0	0.0	0.0	0.0108695652174	0.0	0.0	0.0	0.0108695652174	0.0	0.0108695652174	0.0	0.0	0.0	0.0	0.0	0.0	0.0	0.0108695652174	0.815217391304	0.0	0.0108695652174	0.0	0.0	0.0	0.0108695652174	0.0	0.0108695652174	0.0108695652174	0.0108695652174	0.0108695652174	0.0	0.0	0.0	0.0	0.0	0.0	0.0	0.0	0.0	0.0	0.0	0.0	0.0	0.0	0.0	0.0	0.0	0.0	0.0	0.0	0.0	0.0	0.0	0.0108695652174	0.0	0.0	0.0	0.0	0.0	0.0	0.0	0.0	0.0	0.0108695652174	0.0	0.0108695652174	0.0	0.0	0.0	0.0	0.0108695652174	0.0	0.0	0.0	0.0	0.0	0.0	0.0	0.0	0.0	0.0	0.0108695652174	0.0108695652174	0.0	0.0	0.0	0.0	0.0	0.0
119	0.0108695652174	0.0	0.0	0.0108695652174	0.0108695652174	0.010989010989	0.0108695652174	0.0108695652174	0.0	0.0108695652174	0.0	0.0108695652174	0.0	0.0	0.0	0.0108695652174	0.0108695652174	0.0	0.0108695652174	0.0	0.0	0.0	0.0	0.445652173913	0.0108695652174	0.0	0.0	0.0108695652174	0.0	0.0	0.0108695652174	0.0108695652174	0.0	0.0108695652174	0.0	0.0	0.0108695652174	0.0108695652174	0.0108695652174	0.0	0.0108695652174	0.0108695652174	0.0	0.0	0.0108695652174	0.0	0.0108695652174	0.0108695652174	0.0	0.0108695652174	0.0	0.0108695652174	0.0	0.0	0.0	0.0108695652174	0.0108695652174	0.0108695652174	0.0108695652174	0.0	0.0108695652174	0.0	0.0108695652174	0.0108695652174	0.0108695652174	0.0108695652174	0.0108695652174	0.0108695652174	0.0	0.0108695652174	0.0108695652174	0.0108695652174	0.0	0.0108695652174	0.0108695652174	0.0	0.0	0.0108695652174	0.0108695652174	0.0108695652174	0.0	0.0108695652174	0.0108695652174	0.0	0.0	0.0108695652174	0.0	0.0108695652174	0.0108695652174	0.0108695652174	0.0	0.0	0.0
143	0.0	0.0	0.0	0.0	0.0	0.0	0.0	0.0	0.0	0.0	0.0	0.0	0.0	0.0	0.0	0.0	0.0	0.0	0.0	0.0	0.0	0.0	0.0	0.0	1.0	0.0	0.0	0.0	0.0	0.0	0.0	0.0	0.0	0.0	0.0	0.0	0.0	0.0	0.0	0.0	0.0	0.0	0.0	0.0	0.0	0.0	0.0	0.0	0.0	0.0	0.0	0.0	0.0	0.0	0.0	0.0	0.0	0.0	0.0	0.0	0.0	0.0	0.0	0.0	0.0	0.0	0.0	0.0	0.0	0.0	0.0	0.0	0.0	0.0	0.0	0.0	0.0	0.0	0.0	0.0	0.0	0.0	0.0	0.0	0.0	0.0	0.0	0.0	0.0	0.0	0.0	0.0	0.0
178	0.0108695652174	0.0	0.0108695652174	0.0108695652174	0.0108695652174	0.010989010989	0.0108695652174	0.0108695652174	0.0	0.0108695652174	0.0	0.0108695652174	0.0	0.0	0.0	0.0108695652174	0.0108695652174	0.0	0.0108695652174	0.0	0.0	0.0108695652174	0.0	0.0	0.0108695652174	0.315217391304	0.0	0.0108695652174	0.0108695652174	0.0108695652174	0.0108695652174	0.0108695652174	0.0	0.0108695652174	0.0	0.0	0.0108695652174	0.0108695652174	0.0108695652174	0.0	0.0108695652174	0.0108695652174	0.0	0.0108695652174	0.0108695652174	0.0	0.0108695652174	0.0108695652174	0.0	0.0108695652174	0.010989010989	0.0108695652174	0.0	0.0	0.0108695652174	0.0108695652174	0.0108695652174	0.0108695652174	0.0108695652174	0.0	0.0108695652174	0.0108695652174	0.0108695652174	0.0108695652174	0.0108695652174	0.0108695652174	0.0108695652174	0.0108695652174	0.0	0.0108695652174	0.0108695652174	0.0108695652174	0.0	0.0108695652174	0.0108695652174	0.0	0.0	0.0108695652174	0.0108695652174	0.0108695652174	0.0108695652174	0.0108695652174	0.0108695652174	0.0108695652174	0.0	0.0108695652174	0.0108695652174	0.0108695652174	0.0108695652174	0.0108695652174	0.0108695652174	0.0	0.0
2723	0.0108695652174	0.0	0.0108695652174	0.0108695652174	0.0	0.0	0.0108695652174	0.0	0.0	0.0108695652174	0.0	0.0108695652174	0.0	0.0	0.0	0.0108695652174	0.0108695652174	0.0	0.0108695652174	0.0	0.0	0.0	0.0	0.0	0.0108695652174	0.0	0.663043478261	0.0	0.0108695652174	0.0	0.0108695652174	0.0108695652174	0.0	0.0108695652174	0.0	0.0	0.0	0.0108695652174	0.0	0.0	0.0	0.0108695652174	0.0	0.0	0.0	0.0	0.0108695652174	0.0	0.0	0.0108695652174	0.0	0.0	0.0	0.0	0.0	0.0	0.0108695652174	0.0	0.0108695652174	0.0	0.0108695652174	0.0	0.0	0.0108695652174	0.0	0.0	0.0108695652174	0.0	0.0	0.0	0.0108695652174	0.0	0.0	0.0108695652174	0.0108695652174	0.0	0.0	0.0108695652174	0.0108695652174	0.0	0.0	0.0108695652174	0.0108695652174	0.0	0.0	0.0	0.0	0.0	0.0	0.0108695652174	0.0	0.0	0.0
190	0.0	0.0	0.0	0.0	0.0108695652174	0.0	0.0108695652174	0.0	0.0	0.0	0.0	0.0	0.0	0.0	0.0	0.0108695652174	0.0108695652174	0.0	0.0	0.0	0.0	0.0	0.0	0.0	0.0	0.0	0.0	0.782608695652	0.0	0.0	0.0108695652174	0.0108695652174	0.0	0.0	0.0	0.0	0.0108695652174	0.0	0.0	0.0	0.0	0.0108695652174	0.0	0.0	0.0	0.0	0.0108695652174	0.0108695652174	0.0	0.0108695652174	0.0	0.0	0.0	0.0	0.0	0.0	0.0108695652174	0.0	0.0	0.0	0.0108695652174	0.0	0.0	0.0108695652174	0.0	0.0	0.0108695652174	0.0	0.0	0.0	0.0	0.0	0.0	0.0108695652174	0.0108695652174	0.0	0.0	0.0	0.0108695652174	0.0	0.0	0.0108695652174	0.0	0.0	0.0	0.0	0.0	0.0	0.0	0.0108695652174	0.0	0.0	0.0
2824	0.0108695652174	0.0	0.0	0.0	0.0	0.0	0.0	0.0	0.0	0.0	0.0	0.0	0.0	0.0	0.0	0.0	0.0	0.0	0.0	0.0	0.0	0.0	0.0	0.0	0.0	0.0	0.0	0.0	0.978260869565	0.0	0.0	0.0	0.0	0.0	0.0	0.0	0.0	0.0	0.0	0.0	0.0	0.0	0.0	0.0	0.0	0.0	0.0	0.0	0.0	0.0	0.0	0.0	0.0	0.0	0.0	0.0	0.0	0.0	0.0	0.0	0.0	0.0	0.0	0.0	0.0	0.0	0.0	0.0108695652174	0.0	0.0	0.0	0.0	0.0	0.0	0.0	0.0	0.0	0.0	0.0	0.0	0.0	0.0	0.0	0.0	0.0	0.0	0.0	0.0	0.0	0.0	0.0	0.0	0.0
172	0.0108695652174	0.0	0.0108695652174	0.0108695652174	0.0108695652174	0.010989010989	0.0108695652174	0.0108695652174	0.0	0.0	0.0	0.0108695652174	0.0	0.0	0.0	0.0108695652174	0.0108695652174	0.0	0.0108695652174	0.0	0.0	0.0108695652174	0.0	0.0	0.0108695652174	0.0	0.0	0.0108695652174	0.0108695652174	0.445652173913	0.0108695652174	0.0108695652174	0.0	0.0108695652174	0.0	0.0	0.0108695652174	0.0108695652174	0.0108695652174	0.0	0.0108695652174	0.0108695652174	0.0	0.0	0.0108695652174	0.0	0.0108695652174	0.0108695652174	0.0	0.0108695652174	0.0	0.0108695652174	0.0	0.0	0.0	0.0108695652174	0.0108695652174	0.0108695652174	0.0108695652174	0.0	0.0108695652174	0.0	0.0	0.0108695652174	0.0108695652174	0.0108695652174	0.0108695652174	0.0108695652174	0.0	0.0108695652174	0.0	0.0108695652174	0.0	0.0108695652174	0.0108695652174	0.0	0.0	0.0108695652174	0.0108695652174	0.0108695652174	0.0108695652174	0.0108695652174	0.0	0.0	0.0	0.0108695652174	0.0	0.0108695652174	0.0108695652174	0.0108695652174	0.0	0.0	0.0
3173	0.0	0.0	0.0	0.0	0.0	0.0	0.0	0.0	0.0	0.0	0.0	0.0	0.0	0.0	0.0	0.0	0.0108695652174	0.0	0.0	0.0	0.0	0.0	0.0	0.0	0.0	0.0	0.0	0.0	0.0	0.0	0.978260869565	0.0	0.0	0.0	0.0	0.0	0.0	0.0	0.0	0.0	0.0	0.0	0.0	0.0	0.0	0.0	0.0	0.0	0.0	0.0	0.0	0.0	0.0	0.0	0.0	0.0	0.0	0.0	0.0	0.0	0.0	0.0	0.0	0.0	0.0	0.0	0.0	0.0	0.0	0.0	0.0	0.0	0.0	0.0	0.0	0.0	0.0	0.0	0.0	0.0	0.0	0.0	0.0	0.0	0.0	0.0	0.0	0.0	0.0	0.0108695652174	0.0	0.0	0.0
3129	0.0	0.0	0.0	0.0	0.0	0.0	0.0	0.0	0.0	0.0	0.0	0.0	0.0	0.0	0.0	0.0	0.0	0.0	0.0	0.0	0.0	0.0	0.0	0.0	0.0	0.0	0.0	0.0	0.0	0.0	0.0108695652174	0.978260869565	0.0	0.0	0.0	0.0	0.0	0.0	0.0	0.0	0.0	0.0	0.0	0.0	0.0	0.0	0.0	0.0	0.0	0.0	0.0	0.0	0.0	0.0	0.0	0.0	0.0	0.0	0.0	0.0	0.0108695652174	0.0	0.0	0.0	0.0	0.0	0.0	0.0	0.0	0.0	0.0	0.0	0.0	0.0	0.0	0.0	0.0	0.0	0.0	0.0	0.0	0.0	0.0	0.0	0.0	0.0	0.0	0.0	0.0	0.0	0.0	0.0	0.0
3160	0.0108695652174	0.0	0.0	0.0	0.0108695652174	0.0	0.0	0.0108695652174	0.0	0.0	0.0	0.0108695652174	0.0	0.0108695652174	0.0	0.0	0.0	0.0	0.0	0.0	0.0	0.0108695652174	0.0	0.0	0.0108695652174	0.0	0.0	0.0	0.0108695652174	0.0	0.0	0.0108695652174	0.815217391304	0.0108695652174	0.0	0.0	0.0	0.0	0.0	0.0	0.0	0.0	0.0	0.0	0.0	0.0	0.0	0.0	0.0	0.0	0.0	0.0	0.0	0.0	0.0	0.0	0.0	0.0108695652174	0.0	0.0	0.0	0.0	0.0	0.0	0.0	0.0108695652174	0.0	0.0108695652174	0.0	0.0108695652174	0.0	0.0	0.0	0.0	0.0	0.0	0.0	0.0	0.0	0.0	0.0	0.0	0.0	0.0	0.0	0.0108695652174	0.0108695652174	0.0108695652174	0.0	0.0	0.0	0.0	0.0
407	0.0108695652174	0.0	0.0	0.0	0.0	0.0	0.0	0.0	0.0	0.0	0.0	0.0	0.0	0.0	0.0	0.0	0.0	0.0	0.0	0.0	0.0	0.0	0.0	0.0	0.0	0.0	0.0	0.0	0.0	0.0	0.0	0.0	0.0	0.989130434783	0.0	0.0	0.0	0.0	0.0	0.0	0.0	0.0	0.0	0.0	0.0	0.0	0.0	0.0	0.0	0.0	0.0	0.0	0.0	0.0	0.0	0.0	0.0	0.0	0.0	0.0	0.0	0.0	0.0	0.0	0.0	0.0	0.0	0.0	0.0	0.0	0.0	0.0	0.0	0.0	0.0	0.0	0.0	0.0	0.0	0.0	0.0	0.0	0.0	0.0	0.0	0.0	0.0	0.0	0.0	0.0	0.0	0.0	0.0
136	0.0	0.0	0.0	0.0	0.0	0.0	0.0	0.0	0.0	0.0	0.0	0.0	0.0	0.0	0.0	0.0	0.0	0.0	0.0	0.0	0.0	0.0	0.0	0.0	0.0	0.0	0.0	0.0	0.0	0.0	0.0	0.0	0.0	0.0	0.989130434783	0.0	0.0	0.0	0.0	0.0	0.0	0.0	0.0	0.0	0.0	0.0	0.0	0.0	0.0	0.0	0.0	0.0	0.0	0.0108695652174	0.0	0.0	0.0	0.0	0.0	0.0	0.0	0.0	0.0	0.0	0.0	0.0	0.0	0.0	0.0	0.0	0.0	0.0	0.0	0.0	0.0	0.0	0.0	0.0	0.0	0.0	0.0	0.0	0.0	0.0	0.0	0.0	0.0	0.0	0.0	0.0	0.0	0.0	0.0
3180	0.0108695652174	0.0	0.0	0.0108695652174	0.0108695652174	0.010989010989	0.0108695652174	0.0108695652174	0.0108695652174	0.0108695652174	0.0108695652174	0.0108695652174	0.0108695652174	0.0108695652174	0.0108695652174	0.0108695652174	0.0108695652174	0.0108695652174	0.0108695652174	0.0108695652174	0.0108695652174	0.0108695652174	0.0108695652174	0.0108695652174	0.0108695652174	0.0108695652174	0.0108695652174	0.0108695652174	0.0108695652174	0.0108695652174	0.0108695652174	0.0108695652174	0.0108695652174	0.0108695652174	0.0	0.0978260869565	0.0108695652174	0.0108695652174	0.0108695652174	0.0	0.0108695652174	0.0108695652174	0.0108695652174	0.0108695652174	0.0108695652174	0.0108695652174	0.0108695652174	0.0108695652174	0.0108695652174	0.0108695652174	0.010989010989	0.0108695652174	0.0108695652174	0.0	0.0	0.0108695652174	0.0108695652174	0.0	0.0108695652174	0.0108695652174	0.0108695652174	0.0	0.0108695652174	0.0108695652174	0.0108695652174	0.0108695652174	0.0108695652174	0.0108695652174	0.0108695652174	0.0108695652174	0.0108695652174	0.0108695652174	0.0108695652174	0.0108695652174	0.0108695652174	0.0	0.0108695652174	0.0108695652174	0.0108695652174	0.0108695652174	0.0108695652174	0.0108695652174	0.0108695652174	0.0108695652174	0.0108695652174	0.0108695652174	0.0108695652174	0.0108695652174	0.0108695652174	0.0108695652174	0.0108695652174	0.0108695652174	0.0108695652174
186	0.0	0.0	0.0	0.0	0.0	0.0	0.0108695652174	0.0	0.0	0.0	0.0	0.0	0.0	0.0	0.0	0.0108695652174	0.0	0.0	0.0	0.0	0.0	0.0	0.0	0.0	0.0	0.0	0.0	0.0	0.0	0.0	0.0	0.0	0.0	0.0	0.0	0.0	0.945652173913	0.0	0.0	0.0	0.0	0.0	0.0	0.0	0.0	0.0	0.0	0.0	0.0	0.0	0.0	0.0	0.0	0.0	0.0	0.0	0.0108695652174	0.0	0.0	0.0	0.0	0.0	0.0	0.0	0.0	0.0	0.0	0.0	0.0	0.0	0.0	0.0	0.0	0.0	0.0108695652174	0.0	0.0	0.0	0.0	0.0	0.0	0.0108695652174	0.0	0.0	0.0	0.0	0.0	0.0	0.0	0.0	0.0	0.0	0.0
2863	0.0	0.0	0.0	0.0	0.0	0.0	0.0108695652174	0.0	0.0	0.0	0.0	0.0	0.0	0.0	0.0	0.0	0.0	0.0	0.0	0.0	0.0	0.0	0.0	0.0	0.0	0.0	0.0	0.0	0.0	0.0	0.0108695652174	0.0	0.0	0.0	0.0	0.0	0.0	0.880434782609	0.0	0.0	0.0	0.0	0.0	0.0	0.0	0.0	0.0108695652174	0.0	0.0	0.0	0.0	0.0	0.0	0.0	0.0	0.0	0.0108695652174	0.0	0.0	0.0	0.0108695652174	0.0	0.0	0.0108695652174	0.0	0.0	0.0108695652174	0.0	0.0	0.0	0.0	0.0	0.0	0.0108695652174	0.0108695652174	0.0	0.0	0.0	0.0	0.0	0.0	0.0108695652174	0.0	0.0	0.0	0.0	0.0	0.0	0.0	0.0108695652174	0.0	0.0	0.0
141	0.0	0.0	0.0	0.0	0.0	0.0	0.0108695652174	0.0	0.0	0.0	0.0	0.0	0.0	0.0	0.0	0.0	0.0	0.0	0.0	0.0	0.0	0.0	0.0	0.0	0.0	0.0	0.0	0.0	0.0	0.0	0.0	0.0	0.0	0.0	0.0	0.0	0.0	0.0	0.934782608696	0.0	0.0	0.0	0.0	0.0	0.0	0.0	0.0	0.0108695652174	0.0	0.0108695652174	0.0	0.0	0.0	0.0	0.0	0.0	0.0	0.0	0.0	0.0	0.0108695652174	0.0	0.0	0.0	0.0	0.0	0.0108695652174	0.0	0.0	0.0	0.0	0.0	0.0	0.0	0.0	0.0	0.0	0.0	0.0	0.0	0.0	0.0	0.0	0.0	0.0	0.0	0.0	0.0	0.0	0.0108695652174	0.0	0.0	0.0
1587	0.0	0.0	0.0	0.0	0.0	0.0	0.0	0.0	0.0	0.0	0.0	0.0	0.0108695652174	0.0	0.0	0.0	0.0	0.0	0.0	0.0	0.0	0.0	0.0	0.0	0.0	0.0	0.0	0.0	0.0	0.0	0.0	0.0	0.0	0.0	0.0	0.0	0.0	0.0	0.0	0.95652173913	0.0	0.0	0.0	0.0	0.0	0.0	0.0	0.0	0.0	0.0	0.0	0.0	0.0	0.0	0.0	0.0	0.0	0.0	0.0	0.0108695652174	0.0	0.0	0.0	0.0	0.0	0.0	0.0	0.0	0.0	0.0	0.0	0.0	0.0	0.0	0.0	0.0108695652174	0.0	0.0	0.0	0.0	0.0	0.0	0.0108695652174	0.0	0.0	0.0	0.0	0.0	0.0	0.0	0.0	0.0	0.0
188	0.0108695652174	0.0	0.0	0.0	0.0108695652174	0.010989010989	0.0108695652174	0.0	0.0	0.0	0.0	0.0108695652174	0.0	0.0	0.0	0.0108695652174	0.0108695652174	0.0	0.0108695652174	0.0	0.0	0.0	0.0	0.0	0.0108695652174	0.0	0.0	0.0108695652174	0.0108695652174	0.0	0.0108695652174	0.0108695652174	0.0	0.0108695652174	0.0	0.0	0.0108695652174	0.0108695652174	0.0108695652174	0.0	0.565217391304	0.0108695652174	0.0	0.0	0.0	0.0	0.0108695652174	0.0108695652174	0.0	0.0108695652174	0.0	0.0	0.0	0.0	0.0	0.0108695652174	0.0108695652174	0.0108695652174	0.0	0.0	0.0108695652174	0.0	0.0	0.0108695652174	0.0	0.0108695652174	0.0108695652174	0.0108695652174	0.0	0.0	0.0	0.0	0.0	0.0108695652174	0.0108695652174	0.0	0.0	0.0108695652174	0.0108695652174	0.0108695652174	0.0108695652174	0.0108695652174	0.0	0.0	0.0	0.0108695652174	0.0	0.0108695652174	0.0108695652174	0.0108695652174	0.0	0.0	0.0
135	0.0	0.0	0.0	0.0	0.0	0.0	0.0108695652174	0.0	0.0	0.0	0.0	0.0	0.0	0.0	0.0	0.0	0.0	0.0	0.0	0.0	0.0	0.0	0.0	0.0	0.0	0.0	0.0	0.0	0.0	0.0	0.0	0.0	0.0	0.0	0.0	0.0	0.0	0.0	0.0108695652174	0.0	0.0	0.902173913043	0.0	0.0	0.0	0.0	0.0	0.0108695652174	0.0	0.0108695652174	0.0	0.0	0.0	0.0	0.0	0.0	0.0108695652174	0.0	0.0	0.0	0.0108695652174	0.0	0.0	0.0	0.0	0.0	0.0108695652174	0.0	0.0	0.0	0.0	0.0	0.0	0.0	0.0	0.0	0.0	0.0	0.0	0.0	0.0	0.0108695652174	0.0	0.0	0.0	0.0	0.0	0.0	0.0	0.0108695652174	0.0	0.0	0.0
4	0.0108695652174	0.0	0.0108695652174	0.0108695652174	0.0108695652174	0.010989010989	0.0108695652174	0.0108695652174	0.0	0.0108695652174	0.0108695652174	0.0108695652174	0.0108695652174	0.0	0.0108695652174	0.0108695652174	0.0108695652174	0.0108695652174	0.0108695652174	0.0	0.0	0.0108695652174	0.0	0.0108695652174	0.0108695652174	0.0108695652174	0.0108695652174	0.0108695652174	0.0108695652174	0.0108695652174	0.0108695652174	0.0108695652174	0.0	0.0108695652174	0.0	0.0108695652174	0.0108695652174	0.0108695652174	0.0108695652174	0.0108695652174	0.0108695652174	0.0108695652174	0.152173913043	0.0108695652174	0.0108695652174	0.0	0.0108695652174	0.0108695652174	0.0	0.0108695652174	0.010989010989	0.0108695652174	0.0108695652174	0.0108695652174	0.0108695652174	0.0108695652174	0.0108695652174	0.0108695652174	0.0108695652174	0.0108695652174	0.0108695652174	0.0108695652174	0.0108695652174	0.0108695652174	0.0108695652174	0.0108695652174	0.0108695652174	0.0108695652174	0.0	0.0108695652174	0.0108695652174	0.0108695652174	0.0	0.0108695652174	0.0108695652174	0.0108695652174	0.0108695652174	0.0108695652174	0.0108695652174	0.0108695652174	0.0108695652174	0.0108695652174	0.0108695652174	0.0108695652174	0.0108695652174	0.0108695652174	0.0	0.0108695652174	0.0108695652174	0.0108695652174	0.0108695652174	0.0108695652174	0.0
3142	0.0	0.0	0.0	0.0108695652174	0.0	0.0	0.0	0.0	0.0	0.0108695652174	0.0	0.0	0.0108695652174	0.0	0.0108695652174	0.0	0.0	0.0108695652174	0.0	0.0108695652174	0.0108695652174	0.0	0.0	0.0108695652174	0.0	0.0108695652174	0.0108695652174	0.0	0.0	0.0	0.0	0.0	0.0	0.0	0.0108695652174	0.0108695652174	0.0	0.0	0.0	0.0108695652174	0.0	0.0	0.0108695652174	0.70652173913	0.0	0.0108695652174	0.0	0.0	0.0108695652174	0.0	0.0	0.0	0.0108695652174	0.0108695652174	0.0	0.0	0.0	0.0	0.0108695652174	0.0108695652174	0.0	0.0	0.0	0.0	0.0	0.0	0.0	0.0	0.0108695652174	0.0	0.0108695652174	0.0	0.0108695652174	0.0	0.0	0.0108695652174	0.0108695652174	0.0	0.0	0.0	0.0	0.0	0.0108695652174	0.0	0.0	0.0	0.0	0.0	0.0	0.0	0.0	0.0	0.0108695652174
149	0.0108695652174	0.0	0.0	0.0	0.0108695652174	0.0	0.0108695652174	0.0	0.0	0.0	0.0	0.0108695652174	0.0	0.0	0.0	0.0108695652174	0.0	0.0	0.0	0.0	0.0	0.0	0.0	0.0	0.0108695652174	0.0	0.0	0.0108695652174	0.0	0.0	0.0	0.0108695652174	0.0	0.0	0.0	0.0	0.0108695652174	0.0	0.0	0.0	0.0	0.0	0.0	0.0	0.79347826087	0.0	0.0108695652174	0.0108695652174	0.0	0.0	0.0	0.0	0.0	0.0	0.0	0.0	0.0108695652174	0.0	0.0	0.0	0.0108695652174	0.0	0.0	0.0	0.0	0.0	0.0108695652174	0.0108695652174	0.0	0.0	0.0	0.0	0.0	0.0	0.0108695652174	0.0	0.0	0.0	0.0	0.0	0.0	0.0	0.0	0.0	0.0	0.0108695652174	0.0	0.0108695652174	0.0	0.0108695652174	0.0	0.0	0.0
2963	0.0	0.0	0.0	0.0108695652174	0.0	0.010989010989	0.0108695652174	0.0	0.0	0.0	0.0108695652174	0.0	0.0108695652174	0.0	0.0108695652174	0.0108695652174	0.0108695652174	0.0108695652174	0.0	0.0108695652174	0.0108695652174	0.0	0.0	0.0108695652174	0.0	0.0108695652174	0.0	0.0108695652174	0.0	0.0108695652174	0.0	0.0	0.0	0.0	0.0108695652174	0.0108695652174	0.0108695652174	0.0	0.0	0.0108695652174	0.0108695652174	0.0	0.0108695652174	0.0	0.0108695652174	0.467391304348	0.0108695652174	0.0108695652174	0.0	0.0108695652174	0.0	0.0108695652174	0.0	0.0	0.0108695652174	0.0108695652174	0.0108695652174	0.0108695652174	0.0	0.0108695652174	0.0	0.0108695652174	0.0108695652174	0.0	0.0108695652174	0.0	0.0108695652174	0.0	0.0	0.0	0.0	0.0108695652174	0.0	0.0108695652174	0.0108695652174	0.0108695652174	0.0	0.0108695652174	0.0	0.0108695652174	0.0108695652174	0.0108695652174	0.0108695652174	0.0	0.0108695652174	0.0	0.0	0.0108695652174	0.0108695652174	0.0	0.0108695652174	0.0	0.0108695652174
3191	0.0	0.0	0.0	0.0	0.0	0.0	0.0	0.0	0.0	0.0	0.0	0.0	0.0	0.0	0.0	0.0	0.0	0.0	0.0	0.0	0.0	0.0	0.0	0.0	0.0	0.0	0.0	0.0	0.0	0.0	0.0	0.0	0.0	0.0	0.0	0.0	0.0	0.0	0.0	0.0	0.0	0.0	0.0	0.0	0.0	0.0	0.989130434783	0.0	0.0	0.0	0.0	0.0	0.0	0.0	0.0	0.0	0.0108695652174	0.0	0.0	0.0	0.0	0.0	0.0	0.0	0.0	0.0	0.0	0.0	0.0	0.0	0.0	0.0	0.0	0.0	0.0	0.0	0.0	0.0	0.0	0.0	0.0	0.0	0.0	0.0	0.0	0.0	0.0	0.0	0.0	0.0	0.0	0.0	0.0
157	0.0108695652174	0.0	0.0	0.0	0.0108695652174	0.0	0.0108695652174	0.0	0.0	0.0	0.0	0.0108695652174	0.0	0.0	0.0	0.0108695652174	0.0	0.0	0.0108695652174	0.0	0.0	0.0	0.0	0.0	0.0	0.0	0.0	0.0108695652174	0.0	0.0	0.0108695652174	0.0108695652174	0.0	0.0108695652174	0.0	0.0	0.0108695652174	0.0	0.0	0.0	0.0	0.0	0.0	0.0	0.0	0.0	0.0108695652174	0.717391304348	0.0	0.0108695652174	0.0	0.0	0.0	0.0	0.0	0.0	0.0108695652174	0.0108695652174	0.0	0.0	0.0108695652174	0.0	0.0	0.0108695652174	0.0	0.0108695652174	0.0108695652174	0.0108695652174	0.0	0.0	0.0	0.0	0.0	0.0108695652174	0.0108695652174	0.0	0.0	0.0	0.0108695652174	0.0	0.0	0.0108695652174	0.0	0.0	0.0	0.0	0.0	0.0108695652174	0.0	0.0108695652174	0.0	0.0	0.0
10924	0.0	0.0108695652174	0.0	0.0	0.0	0.0	0.0	0.0	0.0	0.0	0.0108695652174	0.0	0.0108695652174	0.0	0.0	0.0	0.0	0.0108695652174	0.0	0.0	0.0	0.0	0.0	0.0	0.0	0.0108695652174	0.0	0.0	0.0	0.0	0.0	0.0	0.0	0.0	0.0	0.0108695652174	0.0	0.0	0.0	0.0108695652174	0.0	0.0	0.0108695652174	0.0	0.0	0.0	0.0	0.0	0.858695652174	0.0	0.0	0.0	0.0	0.0	0.0	0.0	0.0	0.0	0.0	0.0108695652174	0.0	0.0	0.0	0.0	0.0	0.0	0.0	0.0	0.0	0.0	0.0	0.0	0.0108695652174	0.0	0.0	0.0108695652174	0.0	0.0	0.0	0.0	0.0	0.0	0.0108695652174	0.0	0.0	0.0	0.0	0.0	0.0	0.0	0.0	0.0108695652174	0.0
3175	0.0	0.0	0.0	0.0	0.0	0.0	0.0108695652174	0.0	0.0	0.0	0.0	0.0	0.0	0.0	0.0	0.0	0.0	0.0	0.0	0.0	0.0	0.0	0.0	0.0	0.0	0.0	0.0	0.0	0.0	0.0	0.0	0.0	0.0	0.0	0.0	0.0	0.0	0.0	0.0	0.0	0.0	0.0	0.0	0.0	0.0	0.0	0.0	0.0	0.0	0.967391304348	0.0	0.0	0.0	0.0	0.0	0.0	0.0	0.0	0.0	0.0	0.0108695652174	0.0	0.0	0.0	0.0	0.0	0.0	0.0	0.0	0.0	0.0	0.0	0.0	0.0	0.0	0.0	0.0	0.0	0.0	0.0	0.0	0.0	0.0	0.0	0.0	0.0	0.0	0.0	0.0	0.0108695652174	0.0	0.0	0.0
8730	0.0108695652174	0.0	0.0108695652174	0.0108695652174	0.0108695652174	0.0	0.0108695652174	0.0108695652174	0.0108695652174	0.0108695652174	0.0	0.0108695652174	0.0	0.0108695652174	0.0	0.0108695652174	0.0108695652174	0.0108695652174	0.0108695652174	0.0	0.0	0.0108695652174	0.0108695652174	0.0108695652174	0.0108695652174	0.0108695652174	0.0108695652174	0.0108695652174	0.0108695652174	0.0108695652174	0.0108695652174	0.0108695652174	0.0108695652174	0.0108695652174	0.0108695652174	0.0	0.0108695652174	0.0108695652174	0.0108695652174	0.0	0.0108695652174	0.0108695652174	0.0	0.0108695652174	0.0108695652174	0.0	0.0108695652174	0.0108695652174	0.0	0.0108695652174	0.186813186813	0.0108695652174	0.0108695652174	0.0108695652174	0.0108695652174	0.0108695652174	0.0108695652174	0.0108695652174	0.0108695652174	0.0108695652174	0.0108695652174	0.0108695652174	0.0108695652174	0.0108695652174	0.0108695652174	0.0108695652174	0.0108695652174	0.0108695652174	0.0	0.0108695652174	0.0108695652174	0.0108695652174	0.0	0.0108695652174	0.0108695652174	0.0108695652174	0.0	0.0108695652174	0.0108695652174	0.0108695652174	0.0108695652174	0.0108695652174	0.0108695652174	0.0108695652174	0.0	0.0108695652174	0.0108695652174	0.0108695652174	0.0108695652174	0.0108695652174	0.0108695652174	0.0	0.0
154	0.0108695652174	0.0	0.0	0.0	0.0108695652174	0.0	0.0108695652174	0.0108695652174	0.0	0.0	0.0	0.0108695652174	0.0	0.0	0.0	0.0108695652174	0.0108695652174	0.0	0.0108695652174	0.0	0.0	0.0	0.0	0.0	0.0108695652174	0.0	0.0	0.0108695652174	0.0108695652174	0.0	0.0108695652174	0.0108695652174	0.0	0.0108695652174	0.0	0.0	0.0108695652174	0.0	0.0108695652174	0.0	0.0	0.0108695652174	0.0	0.0	0.0108695652174	0.0	0.0108695652174	0.0108695652174	0.0	0.0108695652174	0.0	0.597826086957	0.0	0.0	0.0	0.0	0.0108695652174	0.0108695652174	0.0	0.0	0.0108695652174	0.0	0.0	0.0108695652174	0.0	0.0108695652174	0.0108695652174	0.0108695652174	0.0	0.0108695652174	0.0	0.0108695652174	0.0	0.0108695652174	0.0108695652174	0.0	0.0	0.0	0.0108695652174	0.0	0.0	0.0108695652174	0.0	0.0	0.0	0.0108695652174	0.0	0.0108695652174	0.0	0.0108695652174	0.0	0.0	0.0
2718	0.0	0.0	0.0	0.0	0.0	0.0	0.0	0.0	0.0	0.0	0.0	0.0	0.0	0.0	0.0	0.0	0.0	0.0	0.0	0.0	0.0	0.0	0.0	0.0	0.0	0.0	0.0108695652174	0.0	0.0	0.0	0.0	0.0	0.0	0.0	0.0	0.0	0.0	0.0	0.0	0.0	0.0	0.0	0.0	0.0	0.0	0.0	0.0	0.0	0.0	0.0	0.0	0.0	0.978260869565	0.0	0.0	0.0	0.0	0.0	0.0	0.0	0.0	0.0	0.0	0.0	0.0	0.0	0.0	0.0	0.0	0.0	0.0	0.0	0.0	0.0	0.0	0.0	0.0	0.0	0.0	0.0108695652174	0.0	0.0	0.0	0.0	0.0	0.0	0.0	0.0	0.0	0.0	0.0	0.0	0.0
138	0.0	0.0	0.0	0.0	0.0	0.0	0.0	0.0	0.0	0.0	0.0	0.0	0.0	0.0	0.0	0.0	0.0	0.0	0.0	0.0	0.0	0.0	0.0	0.0	0.0	0.0	0.0	0.0	0.0	0.0	0.0	0.0	0.0	0.0	0.0	0.0	0.0	0.0	0.0	0.0	0.0	0.0	0.0	0.0	0.0	0.0	0.0	0.0	0.0	0.0	0.0	0.0	0.0	1.0	0.0	0.0	0.0	0.0	0.0	0.0	0.0	0.0	0.0	0.0	0.0	0.0	0.0	0.0	0.0	0.0	0.0	0.0	0.0	0.0	0.0	0.0	0.0	0.0	0.0	0.0	0.0	0.0	0.0	0.0	0.0	0.0	0.0	0.0	0.0	0.0	0.0	0.0	0.0
146	0.0108695652174	0.0	0.0	0.0	0.0108695652174	0.0	0.0108695652174	0.0108695652174	0.0	0.0	0.0	0.0108695652174	0.0	0.0	0.0	0.0108695652174	0.0108695652174	0.0	0.0108695652174	0.0	0.0	0.0	0.0	0.0	0.0108695652174	0.0	0.0	0.0108695652174	0.0108695652174	0.0	0.0108695652174	0.0108695652174	0.0	0.0108695652174	0.0	0.0	0.0108695652174	0.0	0.0108695652174	0.0	0.0	0.0108695652174	0.0	0.0108695652174	0.0108695652174	0.0	0.0108695652174	0.0108695652174	0.0	0.0108695652174	0.0	0.0108695652174	0.0	0.0	0.565217391304	0.0	0.0108695652174	0.0108695652174	0.0	0.0	0.0108695652174	0.0108695652174	0.0	0.0108695652174	0.0	0.0108695652174	0.0108695652174	0.0108695652174	0.0	0.0108695652174	0.0	0.0108695652174	0.0	0.0108695652174	0.0108695652174	0.0	0.0	0.0	0.0108695652174	0.0	0.0	0.0108695652174	0.0	0.0	0.0	0.0108695652174	0.0	0.0108695652174	0.0	0.0108695652174	0.0	0.0	0.0
139	0.0	0.0	0.0	0.0	0.0108695652174	0.0	0.0108695652174	0.0	0.0	0.0	0.0	0.0	0.0	0.0	0.0	0.0108695652174	0.0108695652174	0.0	0.0	0.0	0.0	0.0	0.0	0.0	0.0	0.0	0.0	0.0	0.0	0.0	0.0108695652174	0.0108695652174	0.0	0.0	0.0	0.0	0.0108695652174	0.0	0.0108695652174	0.0	0.0	0.0108695652174	0.0	0.0	0.0	0.0	0.0108695652174	0.0108695652174	0.0	0.0108695652174	0.0	0.0	0.0	0.0	0.0	0.760869565217	0.0108695652174	0.0	0.0	0.0	0.0108695652174	0.0	0.0	0.0108695652174	0.0	0.0	0.0108695652174	0.0	0.0	0.0	0.0	0.0	0.0	0.0108695652174	0.0108695652174	0.0	0.0	0.0108695652174	0.0108695652174	0.0	0.0	0.0108695652174	0.0	0.0	0.0	0.0	0.0	0.0	0.0	0.0108695652174	0.0	0.0	0.0
3186	0.0	0.0	0.0	0.0	0.0	0.0	0.0108695652174	0.0	0.0	0.0	0.0	0.0	0.0	0.0	0.0	0.0	0.0	0.0	0.0	0.0	0.0	0.0	0.0	0.0	0.0	0.0	0.0	0.0	0.0	0.0	0.0	0.0	0.0	0.0	0.0	0.0	0.0	0.0	0.0	0.0	0.0	0.0	0.0	0.0	0.0	0.0	0.0108695652174	0.0	0.0	0.0	0.0	0.0	0.0	0.0	0.0	0.0	0.978260869565	0.0	0.0	0.0	0.0	0.0	0.0	0.0	0.0	0.0	0.0	0.0	0.0	0.0	0.0	0.0	0.0	0.0	0.0	0.0	0.0	0.0	0.0	0.0	0.0	0.0	0.0	0.0	0.0	0.0	0.0	0.0	0.0	0.0	0.0	0.0	0.0
164	0.0108695652174	0.0	0.0	0.0	0.0108695652174	0.0	0.0108695652174	0.0	0.0	0.0	0.0	0.0108695652174	0.0	0.0	0.0	0.0108695652174	0.0108695652174	0.0	0.0108695652174	0.0	0.0	0.0	0.0	0.0	0.0	0.0	0.0	0.0108695652174	0.0	0.0	0.0108695652174	0.0108695652174	0.0	0.0108695652174	0.0	0.0	0.0108695652174	0.0	0.0108695652174	0.0	0.0	0.0108695652174	0.0	0.0	0.0	0.0	0.0108695652174	0.0108695652174	0.0	0.0108695652174	0.0	0.0	0.0	0.0	0.0	0.0108695652174	0.0108695652174	0.652173913043	0.0	0.0	0.0108695652174	0.0	0.0	0.0108695652174	0.0	0.0108695652174	0.0108695652174	0.0108695652174	0.0	0.0	0.0	0.0	0.0	0.0108695652174	0.0108695652174	0.0	0.0	0.0108695652174	0.0108695652174	0.0	0.0	0.0108695652174	0.0	0.0	0.0	0.0108695652174	0.0	0.0108695652174	0.0	0.0108695652174	0.0	0.0	0.0
3	0.0108695652174	0.0	0.0	0.0	0.0108695652174	0.010989010989	0.0108695652174	0.0108695652174	0.0	0.0	0.0	0.0108695652174	0.0	0.0	0.0	0.0108695652174	0.0108695652174	0.0	0.0108695652174	0.0	0.0	0.0	0.0	0.0	0.0108695652174	0.0	0.0	0.0108695652174	0.0108695652174	0.0	0.0108695652174	0.0108695652174	0.0	0.0108695652174	0.0	0.0	0.0108695652174	0.0108695652174	0.0108695652174	0.0	0.0108695652174	0.0108695652174	0.0	0.0	0.0108695652174	0.0	0.0108695652174	0.0108695652174	0.0	0.0108695652174	0.0	0.0108695652174	0.0	0.0	0.0	0.0108695652174	0.0108695652174	0.0	0.510869565217	0.0	0.0108695652174	0.0	0.0	0.0108695652174	0.0108695652174	0.0108695652174	0.0108695652174	0.0108695652174	0.0	0.0108695652174	0.0	0.0	0.0	0.0108695652174	0.0108695652174	0.0	0.0	0.0108695652174	0.0108695652174	0.0108695652174	0.0108695652174	0.0108695652174	0.0	0.0	0.0	0.0108695652174	0.0	0.0108695652174	0.0108695652174	0.0108695652174	0.0	0.0	0.0
1585	0.0	0.0	0.0	0.0	0.0	0.0	0.0	0.0	0.0	0.0108695652174	0.0	0.0	0.0	0.0	0.0	0.0	0.0	0.0	0.0	0.0	0.0	0.0	0.0	0.0	0.0	0.0	0.0	0.0	0.0	0.0	0.0	0.0	0.0	0.0	0.0	0.0	0.0	0.0	0.0	0.0	0.0	0.0	0.0	0.0	0.0	0.0	0.0	0.0	0.0	0.0	0.0	0.0	0.0	0.0	0.0	0.0	0.0	0.0	0.0	0.978260869565	0.0	0.0	0.0	0.0	0.0	0.0	0.0	0.0	0.0	0.0	0.0	0.0	0.0	0.0	0.0	0.0	0.0	0.0	0.0	0.0	0.0	0.0	0.0108695652174	0.0	0.0	0.0	0.0	0.0	0.0	0.0	0.0	0.0	0.0
3131	0.0	0.0	0.0	0.0	0.0	0.0	0.0	0.0	0.0	0.0	0.0	0.0	0.0	0.0	0.0	0.0	0.0	0.0	0.0	0.0	0.0	0.0	0.0	0.0	0.0	0.0	0.0	0.0	0.0	0.0	0.0108695652174	0.0	0.0	0.0	0.0	0.0	0.0	0.0	0.0	0.0	0.0	0.0	0.0	0.0	0.0	0.0	0.0	0.0	0.0	0.0	0.0	0.0	0.0	0.0	0.0	0.0	0.0	0.0	0.0	0.0	0.989130434783	0.0	0.0	0.0	0.0	0.0	0.0	0.0	0.0	0.0	0.0	0.0	0.0	0.0	0.0	0.0	0.0	0.0	0.0	0.0	0.0	0.0	0.0	0.0	0.0	0.0	0.0	0.0	0.0	0.0	0.0	0.0	0.0
142	0.0108695652174	0.0	0.0	0.0	0.0108695652174	0.0	0.0108695652174	0.0108695652174	0.0	0.0	0.0	0.0108695652174	0.0	0.0	0.0	0.0108695652174	0.0108695652174	0.0	0.0108695652174	0.0	0.0	0.0	0.0	0.0	0.0108695652174	0.0	0.0	0.0108695652174	0.0108695652174	0.0	0.0108695652174	0.0108695652174	0.0	0.0108695652174	0.0	0.0	0.0108695652174	0.0	0.0	0.0	0.0	0.0	0.0	0.0	0.0108695652174	0.0	0.0108695652174	0.0108695652174	0.0	0.0108695652174	0.0	0.0	0.0	0.0	0.0	0.0	0.0108695652174	0.0108695652174	0.0	0.0	0.0108695652174	0.619565217391	0.0	0.0108695652174	0.0	0.0108695652174	0.0108695652174	0.0108695652174	0.0	0.0108695652174	0.0	0.0108695652174	0.0	0.0108695652174	0.0108695652174	0.0	0.0	0.0	0.0108695652174	0.0	0.0	0.0108695652174	0.0	0.0	0.0	0.0108695652174	0.0	0.0108695652174	0.0	0.0108695652174	0.0	0.0	0.0
173	0.0108695652174	0.0	0.0	0.0	0.0108695652174	0.010989010989	0.0108695652174	0.0108695652174	0.0	0.0	0.0	0.0108695652174	0.0	0.0	0.0	0.0108695652174	0.0108695652174	0.0	0.0108695652174	0.0	0.0	0.0	0.0	0.0	0.0108695652174	0.0	0.0	0.0108695652174	0.0108695652174	0.0108695652174	0.0108695652174	0.0108695652174	0.0	0.0108695652174	0.0	0.0	0.0108695652174	0.0108695652174	0.0108695652174	0.0	0.0108695652174	0.0108695652174	0.0	0.0	0.0108695652174	0.0	0.0108695652174	0.0108695652174	0.0	0.0108695652174	0.0	0.0108695652174	0.0	0.0	0.0	0.0108695652174	0.0108695652174	0.0108695652174	0.0108695652174	0.0	0.0108695652174	0.0	0.478260869565	0.0108695652174	0.0108695652174	0.0108695652174	0.0108695652174	0.0108695652174	0.0	0.0108695652174	0.0	0.0	0.0	0.0108695652174	0.0108695652174	0.0	0.0	0.0108695652174	0.0108695652174	0.0108695652174	0.0108695652174	0.0108695652174	0.0	0.0	0.0	0.0108695652174	0.0	0.0108695652174	0.0108695652174	0.0108695652174	0.0	0.0	0.0
3193	0.0	0.0	0.0	0.0	0.0	0.0	0.0	0.0	0.0	0.0	0.0	0.0	0.0	0.0	0.0	0.0	0.0	0.0	0.0	0.0	0.0	0.0	0.0	0.0	0.0	0.0	0.0	0.0	0.0	0.0	0.0	0.0	0.0	0.0	0.0	0.0	0.0	0.0	0.0	0.0	0.0	0.0	0.0	0.0	0.0	0.0	0.0	0.0	0.0	0.0	0.0	0.0	0.0	0.0	0.0	0.0	0.0108695652174	0.0	0.0	0.0	0.0	0.0	0.0	0.978260869565	0.0	0.0	0.0	0.0	0.0	0.0	0.0	0.0	0.0	0.0	0.0	0.0	0.0	0.0	0.0	0.0	0.0	0.0108695652174	0.0	0.0	0.0	0.0	0.0	0.0	0.0	0.0	0.0	0.0	0.0
120	0.0108695652174	0.0	0.0	0.0	0.0108695652174	0.010989010989	0.0108695652174	0.0108695652174	0.0	0.0	0.0	0.0108695652174	0.0	0.0	0.0	0.0108695652174	0.0108695652174	0.0	0.0108695652174	0.0	0.0	0.0108695652174	0.0	0.0	0.0108695652174	0.0	0.0	0.0108695652174	0.0108695652174	0.0	0.0108695652174	0.0108695652174	0.0	0.0108695652174	0.0	0.0	0.0108695652174	0.0108695652174	0.0108695652174	0.0	0.0108695652174	0.0108695652174	0.0	0.0	0.0108695652174	0.0	0.0108695652174	0.0108695652174	0.0	0.0108695652174	0.0	0.0108695652174	0.0	0.0	0.0	0.0108695652174	0.0108695652174	0.0108695652174	0.0	0.0	0.0108695652174	0.0108695652174	0.0108695652174	0.0108695652174	0.467391304348	0.0108695652174	0.0108695652174	0.0108695652174	0.0	0.0	0.0	0.0108695652174	0.0	0.0108695652174	0.0108695652174	0.0	0.0	0.0108695652174	0.0108695652174	0.0108695652174	0.0108695652174	0.0108695652174	0.0	0.0	0.0	0.0108695652174	0.0108695652174	0.0108695652174	0.0108695652174	0.0108695652174	0.0	0.0	0.0
109	0.0	0.0	0.0	0.0	0.0108695652174	0.0	0.0108695652174	0.0	0.0	0.0	0.0	0.0	0.0	0.0	0.0	0.0108695652174	0.0108695652174	0.0	0.0	0.0	0.0	0.0	0.0	0.0	0.0	0.0	0.0	0.0108695652174	0.0	0.0	0.0	0.0108695652174	0.0	0.0	0.0	0.0	0.0108695652174	0.0	0.0	0.0	0.0	0.0	0.0	0.0	0.0	0.0	0.0108695652174	0.0108695652174	0.0	0.0108695652174	0.0	0.0	0.0	0.0	0.0	0.0	0.0108695652174	0.0	0.0	0.0	0.0108695652174	0.0	0.0	0.0108695652174	0.0	0.782608695652	0.0108695652174	0.0	0.0	0.0	0.0	0.0	0.0	0.0108695652174	0.0108695652174	0.0	0.0	0.0	0.0108695652174	0.0	0.0	0.0108695652174	0.0	0.0	0.0	0.0	0.0	0.0108695652174	0.0	0.0108695652174	0.0	0.0	0.0
187	0.0	0.0	0.0	0.0	0.0	0.0	0.0108695652174	0.0	0.0	0.0	0.0	0.0	0.0	0.0	0.0	0.0	0.0108695652174	0.0	0.0	0.0	0.0	0.0	0.0	0.0	0.0	0.0	0.0	0.0	0.0	0.0	0.0108695652174	0.0	0.0	0.0	0.0	0.0	0.0	0.0	0.0	0.0	0.0	0.0	0.0	0.0	0.0	0.0	0.0	0.0	0.0	0.0	0.0	0.0	0.0	0.0	0.0	0.0	0.0	0.0	0.0	0.0	0.0108695652174	0.0	0.0	0.0108695652174	0.0	0.0	0.923913043478	0.0	0.0	0.0	0.0	0.0	0.0	0.0	0.0	0.0	0.0	0.0	0.0	0.0	0.0	0.0108695652174	0.0	0.0	0.0	0.0	0.0	0.0	0.0	0.0108695652174	0.0	0.0	0.0
2826	0.0108695652174	0.0	0.0	0.0	0.0108695652174	0.0	0.0108695652174	0.0	0.0	0.0	0.0	0.0	0.0	0.0	0.0	0.0108695652174	0.0108695652174	0.0	0.0	0.0	0.0	0.0	0.0	0.0	0.0	0.0	0.0	0.0	0.0	0.0	0.0108695652174	0.0108695652174	0.0	0.0108695652174	0.0	0.0	0.0	0.0	0.0	0.0	0.0	0.0	0.0	0.0	0.0	0.0	0.0108695652174	0.0	0.0	0.0	0.0	0.0	0.0	0.0	0.0	0.0	0.0108695652174	0.0	0.0	0.0	0.0108695652174	0.0	0.0	0.0108695652174	0.0	0.0	0.0108695652174	0.815217391304	0.0	0.0	0.0	0.0	0.0	0.0	0.0108695652174	0.0	0.0	0.0	0.0108695652174	0.0	0.0	0.0108695652174	0.0	0.0	0.0	0.0	0.0	0.0	0.0	0.0108695652174	0.0	0.0	0.0
111	0.0	0.0	0.0	0.0	0.0	0.0	0.0	0.0	0.0108695652174	0.0	0.0	0.0	0.0	0.0108695652174	0.0	0.0	0.0	0.0	0.0	0.0108695652174	0.0108695652174	0.0108695652174	0.0108695652174	0.0	0.0	0.0	0.0	0.0	0.0	0.0	0.0	0.0	0.0108695652174	0.0	0.0	0.0	0.0	0.0	0.0	0.0108695652174	0.0	0.0	0.0108695652174	0.0	0.0	0.0108695652174	0.0	0.0	0.0	0.0	0.0	0.0	0.0	0.0	0.0	0.0	0.0	0.0	0.0	0.0	0.0	0.0	0.0	0.0	0.0	0.0	0.0	0.0	0.826086956522	0.0108695652174	0.0	0.0	0.0	0.0	0.0	0.0108695652174	0.0108695652174	0.0	0.0	0.0	0.0	0.0	0.0	0.0108695652174	0.0	0.0	0.0108695652174	0.0	0.0	0.0	0.0	0.0108695652174	0.0
420	0.0	0.0	0.0	0.0	0.0	0.0	0.0	0.0	0.0	0.0	0.0	0.0	0.0	0.0	0.0	0.0	0.0	0.0	0.0	0.0	0.0	0.0	0.0	0.0	0.0	0.0	0.0	0.0	0.0	0.0	0.0	0.0	0.0	0.0	0.0	0.0	0.0	0.0	0.0	0.0	0.0	0.0	0.0	0.0	0.0	0.0	0.0	0.0	0.0	0.0	0.0	0.0	0.0	0.0	0.0	0.0	0.0	0.0	0.0	0.0	0.0	0.0	0.0	0.0	0.0	0.0	0.0	0.0	0.0	1.0	0.0	0.0	0.0	0.0	0.0	0.0	0.0	0.0	0.0	0.0	0.0	0.0	0.0	0.0	0.0	0.0	0.0	0.0	0.0	0.0	0.0	0.0	0.0
3154	0.0108695652174	0.0	0.0	0.0108695652174	0.0108695652174	0.010989010989	0.0108695652174	0.0108695652174	0.0	0.0	0.0	0.0108695652174	0.0	0.0	0.0	0.0108695652174	0.0108695652174	0.0	0.0108695652174	0.0	0.0	0.0108695652174	0.0	0.0	0.0108695652174	0.0	0.0	0.0108695652174	0.0108695652174	0.0	0.0108695652174	0.0108695652174	0.0	0.0108695652174	0.0	0.0	0.0108695652174	0.0108695652174	0.0108695652174	0.0	0.0	0.0108695652174	0.0	0.0108695652174	0.0108695652174	0.0	0.0108695652174	0.0108695652174	0.0	0.0108695652174	0.0	0.0108695652174	0.0	0.0	0.0108695652174	0.0108695652174	0.0108695652174	0.0108695652174	0.0108695652174	0.0	0.0108695652174	0.0108695652174	0.0108695652174	0.0108695652174	0.0108695652174	0.0108695652174	0.0108695652174	0.0108695652174	0.0	0.0108695652174	0.402173913043	0.0108695652174	0.0	0.0108695652174	0.0108695652174	0.0	0.0	0.0108695652174	0.0108695652174	0.0108695652174	0.0108695652174	0.0108695652174	0.0	0.0108695652174	0.0	0.0108695652174	0.0108695652174	0.0108695652174	0.0108695652174	0.0108695652174	0.0	0.0	0.0
147	0.0108695652174	0.0	0.0	0.0	0.0108695652174	0.0	0.0108695652174	0.0	0.0	0.0	0.0	0.0108695652174	0.0	0.0	0.0	0.0108695652174	0.0	0.0	0.0	0.0	0.0	0.0	0.0	0.0	0.0108695652174	0.0	0.0	0.0	0.0	0.0	0.0108695652174	0.0108695652174	0.0	0.0108695652174	0.0	0.0	0.0108695652174	0.0	0.0	0.0	0.0	0.0	0.0	0.0	0.0108695652174	0.0	0.0108695652174	0.0	0.0	0.0	0.0	0.0	0.0	0.0	0.0	0.0	0.0108695652174	0.0	0.0	0.0	0.0108695652174	0.0	0.0	0.0	0.0	0.0108695652174	0.0108695652174	0.0108695652174	0.0	0.0	0.0	0.771739130435	0.0	0.0	0.0108695652174	0.0	0.0	0.0	0.0	0.0	0.0	0.0	0.0	0.0	0.0	0.0108695652174	0.0	0.0108695652174	0.0	0.0108695652174	0.0	0.0	0.0
177	0.0	0.0	0.0	0.0	0.0	0.0	0.0	0.0	0.0	0.0	0.0108695652174	0.0	0.0108695652174	0.0	0.0108695652174	0.0	0.0	0.0	0.0	0.0108695652174	0.0108695652174	0.0	0.0	0.0	0.0	0.0	0.0108695652174	0.0	0.0	0.0	0.0	0.0	0.0	0.0	0.0	0.0108695652174	0.0	0.0	0.0	0.0108695652174	0.0	0.0	0.0108695652174	0.0	0.0	0.0108695652174	0.0	0.0	0.0108695652174	0.0	0.0	0.0	0.0	0.0	0.0	0.0	0.0	0.0	0.0	0.0108695652174	0.0	0.0	0.0	0.0	0.0	0.0	0.0	0.0	0.0108695652174	0.0	0.0	0.0	0.804347826087	0.0	0.0	0.0108695652174	0.0108695652174	0.0	0.0	0.0	0.0	0.0	0.0	0.0	0.0108695652174	0.0	0.0	0.0	0.0	0.0	0.0	0.0108695652174	0.0108695652174
3187	0.0	0.0	0.0	0.0	0.0	0.0	0.0	0.0	0.0	0.0	0.0	0.0	0.0	0.0	0.0	0.0	0.0	0.0	0.0	0.0	0.0	0.0	0.0	0.0	0.0	0.0	0.0	0.0	0.0	0.0	0.0	0.0	0.0	0.0	0.0	0.0	0.0	0.0	0.0	0.0	0.0	0.0	0.0	0.0	0.0	0.0	0.0	0.0	0.0	0.0	0.0	0.0	0.0	0.0	0.0	0.0	0.0	0.0	0.0	0.0	0.0	0.0	0.0	0.0108695652174	0.0	0.0	0.0	0.0	0.0	0.0	0.0	0.0	0.0	0.978260869565	0.0	0.0	0.0	0.0	0.0	0.0	0.0	0.0108695652174	0.0	0.0	0.0	0.0	0.0	0.0	0.0	0.0	0.0	0.0	0.0
3192	0.0	0.0	0.0	0.0	0.0	0.0	0.0108695652174	0.0	0.0	0.0	0.0	0.0	0.0	0.0	0.0	0.0	0.0	0.0	0.0	0.0	0.0	0.0	0.0	0.0	0.0	0.0	0.0	0.0	0.0	0.0	0.0	0.0	0.0	0.0	0.0	0.0	0.0	0.0	0.0	0.0	0.0	0.0	0.0	0.0	0.0	0.0	0.0108695652174	0.0	0.0	0.0	0.0	0.0	0.0	0.0	0.0	0.0	0.0	0.0	0.0	0.0	0.0	0.0	0.0	0.0	0.0	0.0	0.0	0.0	0.0	0.0	0.0	0.0	0.0	0.0	0.978260869565	0.0	0.0	0.0	0.0	0.0	0.0	0.0	0.0	0.0	0.0	0.0	0.0	0.0	0.0	0.0	0.0	0.0	0.0
2883	0.0	0.0	0.0108695652174	0.0	0.0	0.0	0.0	0.0	0.0108695652174	0.0	0.0108695652174	0.0	0.0	0.0108695652174	0.0108695652174	0.0	0.0	0.0	0.0	0.0108695652174	0.0108695652174	0.0	0.0108695652174	0.0	0.0	0.0108695652174	0.0	0.0	0.0	0.0	0.0	0.0	0.0108695652174	0.0	0.0108695652174	0.0108695652174	0.0	0.0	0.0	0.0	0.0	0.0	0.0108695652174	0.0	0.0	0.0108695652174	0.0	0.0	0.0108695652174	0.0	0.0	0.0	0.0108695652174	0.0108695652174	0.0	0.0	0.0	0.0	0.0	0.0	0.0	0.0	0.0	0.0	0.0108695652174	0.0	0.0	0.0	0.0108695652174	0.0	0.0	0.0	0.0108695652174	0.0	0.0	0.739130434783	0.0108695652174	0.0	0.0	0.0	0.0	0.0	0.0	0.0108695652174	0.0	0.0	0.0	0.0	0.0	0.0	0.0108695652174	0.0	0.0108695652174
8719	0.0	0.0108695652174	0.0	0.0	0.0	0.0	0.0	0.0	0.0	0.0	0.0108695652174	0.0	0.0108695652174	0.0	0.0	0.0	0.0	0.0	0.0	0.0	0.0	0.0	0.0	0.0	0.0	0.0108695652174	0.0	0.0	0.0	0.0108695652174	0.0	0.0	0.0	0.0	0.0	0.0108695652174	0.0	0.0	0.0	0.0108695652174	0.0	0.0	0.0108695652174	0.0	0.0	0.0	0.0	0.0	0.0	0.0	0.0	0.0	0.0	0.0	0.0	0.0	0.0	0.0	0.0	0.0108695652174	0.0	0.0	0.0	0.0	0.0	0.0	0.0	0.0	0.0	0.0	0.0	0.0	0.0	0.0	0.0	0.0108695652174	0.869565217391	0.0	0.0	0.0	0.0	0.0	0.0	0.0	0.0108695652174	0.0	0.0	0.0	0.0	0.0	0.0	0.0108695652174	0.0
140	0.0	0.0	0.0	0.0	0.0108695652174	0.0	0.0108695652174	0.0	0.0	0.0	0.0	0.0	0.0	0.0	0.0	0.0108695652174	0.0108695652174	0.0	0.0	0.0	0.0	0.0	0.0	0.0	0.0	0.0	0.0	0.0	0.0	0.0	0.0108695652174	0.0108695652174	0.0	0.0	0.0	0.0	0.0108695652174	0.0	0.0108695652174	0.0	0.0	0.0108695652174	0.0	0.0	0.0	0.0	0.0108695652174	0.0108695652174	0.0	0.0108695652174	0.0	0.0	0.0	0.0	0.0	0.0	0.0108695652174	0.0	0.0	0.0	0.0108695652174	0.0	0.0	0.0108695652174	0.0	0.0	0.0108695652174	0.0	0.0	0.0	0.0	0.0	0.0	0.0108695652174	0.0108695652174	0.0	0.0	0.771739130435	0.0108695652174	0.0	0.0	0.0108695652174	0.0	0.0	0.0	0.0	0.0	0.0	0.0	0.0108695652174	0.0	0.0	0.0
395	0.0	0.0	0.0	0.0	0.0	0.0	0.0108695652174	0.0	0.0	0.0	0.0	0.0	0.0	0.0	0.0	0.0	0.0108695652174	0.0	0.0	0.0	0.0	0.0	0.0	0.0	0.0	0.0	0.0	0.0	0.0	0.0	0.0108695652174	0.0	0.0	0.0	0.0	0.0	0.0	0.0	0.0	0.0	0.0	0.0	0.0	0.0	0.0	0.0	0.0	0.0	0.0	0.0108695652174	0.0	0.0	0.0	0.0	0.0	0.0	0.0	0.0	0.0	0.0	0.0108695652174	0.0	0.0	0.0108695652174	0.0	0.0	0.0	0.0	0.0	0.0	0.0	0.0	0.0	0.0108695652174	0.0	0.0	0.0	0.0	0.902173913043	0.0	0.0	0.0108695652174	0.0	0.0	0.0	0.0	0.0	0.0	0.0	0.0108695652174	0.0	0.0	0.0
159	0.0108695652174	0.0	0.0108695652174	0.0108695652174	0.0108695652174	0.010989010989	0.0108695652174	0.0108695652174	0.0	0.0	0.0	0.0108695652174	0.0	0.0	0.0	0.0108695652174	0.0108695652174	0.0	0.0108695652174	0.0	0.0	0.0108695652174	0.0	0.0	0.0108695652174	0.0	0.0	0.0108695652174	0.0108695652174	0.0	0.0108695652174	0.0108695652174	0.0	0.0108695652174	0.0	0.0	0.0108695652174	0.0	0.0108695652174	0.0	0.0	0.0108695652174	0.0	0.0108695652174	0.0108695652174	0.0	0.0108695652174	0.0108695652174	0.0	0.0108695652174	0.0	0.0108695652174	0.0	0.0	0.0108695652174	0.0108695652174	0.0108695652174	0.0108695652174	0.0	0.0	0.0108695652174	0.0108695652174	0.0	0.0108695652174	0.0	0.0108695652174	0.0108695652174	0.0108695652174	0.0	0.0108695652174	0.0	0.0108695652174	0.0	0.0108695652174	0.0108695652174	0.0	0.0	0.0108695652174	0.0108695652174	0.445652173913	0.0	0.0108695652174	0.0	0.0108695652174	0.0	0.0108695652174	0.0108695652174	0.0108695652174	0.0108695652174	0.0108695652174	0.0108695652174	0.0	0.0
165	0.0108695652174	0.0	0.0	0.0	0.0108695652174	0.0	0.0108695652174	0.0	0.0	0.0	0.0	0.0108695652174	0.0	0.0	0.0	0.0108695652174	0.0108695652174	0.0	0.0108695652174	0.0	0.0	0.0	0.0	0.0	0.0108695652174	0.0	0.0	0.0108695652174	0.0	0.0	0.0108695652174	0.0108695652174	0.0	0.0108695652174	0.0	0.0	0.0108695652174	0.0108695652174	0.0108695652174	0.0	0.0	0.0108695652174	0.0	0.0	0.0	0.0	0.0108695652174	0.0108695652174	0.0	0.0108695652174	0.0	0.0	0.0	0.0	0.0	0.0108695652174	0.0108695652174	0.0108695652174	0.0	0.0	0.0108695652174	0.0	0.0	0.0108695652174	0.0	0.0108695652174	0.0108695652174	0.0108695652174	0.0	0.0	0.0	0.0	0.0	0.0108695652174	0.0108695652174	0.0	0.0	0.0108695652174	0.0108695652174	0.0108695652174	0.597826086957	0.0108695652174	0.0	0.0	0.0	0.0108695652174	0.0	0.0108695652174	0.0108695652174	0.0108695652174	0.0	0.0	0.0
3194	0.0	0.0	0.0	0.0	0.0	0.0	0.0108695652174	0.0	0.0	0.0	0.0	0.0	0.0	0.0	0.0	0.0	0.0	0.0	0.0	0.0	0.0	0.0	0.0	0.0	0.0	0.0	0.0	0.0	0.0	0.0	0.0	0.0	0.0	0.0	0.0	0.0	0.0	0.0	0.0	0.0	0.0	0.0	0.0	0.0	0.0	0.0	0.0108695652174	0.0	0.0	0.0	0.0	0.0	0.0	0.0	0.0	0.0	0.0108695652174	0.0	0.0	0.0	0.0	0.0	0.0	0.0	0.0	0.0	0.0	0.0	0.0	0.0	0.0	0.0	0.0	0.0	0.0	0.0	0.0	0.0	0.0	0.0	0.0	0.967391304348	0.0	0.0	0.0	0.0	0.0	0.0	0.0	0.0	0.0	0.0	0.0
1583	0.0	0.0	0.0	0.0	0.0	0.0	0.0	0.0	0.0	0.0	0.0	0.0	0.0	0.0	0.0	0.0	0.0	0.0	0.0	0.0	0.0	0.0	0.0	0.0	0.0	0.0	0.0	0.0	0.0	0.0	0.0	0.0	0.0	0.0	0.0	0.0	0.0	0.0	0.0	0.0	0.0	0.0	0.0	0.0	0.0	0.0	0.0	0.0	0.0	0.0	0.0	0.0	0.0	0.0	0.0	0.0	0.0	0.0	0.0	0.0	0.0	0.0	0.0	0.0	0.0	0.0	0.0	0.0	0.0	0.0	0.0	0.0	0.0	0.0	0.0	0.0	0.0	0.0	0.0	0.0	0.0	0.0	1.0	0.0	0.0	0.0	0.0	0.0	0.0	0.0	0.0	0.0	0.0
412	0.0	0.0	0.0	0.0	0.0	0.0	0.0	0.0	0.0	0.0	0.0	0.0	0.0	0.0	0.0	0.0	0.0	0.0	0.0	0.0	0.0	0.0	0.0	0.0	0.0	0.0	0.0	0.0	0.0	0.0	0.0	0.0	0.0	0.0	0.0	0.0	0.0	0.0	0.0	0.0	0.0	0.0	0.0	0.0108695652174	0.0	0.0	0.0	0.0	0.0	0.0	0.0	0.0	0.0	0.0	0.0	0.0	0.0	0.0	0.0	0.0	0.0	0.0	0.0	0.0	0.0	0.0	0.0	0.0	0.0	0.0	0.0	0.0	0.0	0.0	0.0	0.0	0.0	0.0	0.0	0.0	0.0	0.0	0.0	0.989130434783	0.0	0.0	0.0	0.0	0.0	0.0	0.0	0.0	0.0
8625	0.0108695652174	0.0	0.0108695652174	0.0108695652174	0.0108695652174	0.010989010989	0.0108695652174	0.0108695652174	0.0108695652174	0.0108695652174	0.0108695652174	0.0108695652174	0.0108695652174	0.0108695652174	0.0108695652174	0.0108695652174	0.0108695652174	0.0108695652174	0.0108695652174	0.0108695652174	0.0108695652174	0.0108695652174	0.0108695652174	0.0108695652174	0.0108695652174	0.0108695652174	0.0	0.0108695652174	0.0108695652174	0.0108695652174	0.0108695652174	0.0108695652174	0.0108695652174	0.0108695652174	0.0108695652174	0.0108695652174	0.0108695652174	0.0108695652174	0.0108695652174	0.0108695652174	0.0108695652174	0.0108695652174	0.0108695652174	0.0108695652174	0.0108695652174	0.0108695652174	0.0108695652174	0.0108695652174	0.0108695652174	0.0108695652174	0.010989010989	0.0108695652174	0.0108695652174	0.0108695652174	0.0108695652174	0.0108695652174	0.0108695652174	0.0108695652174	0.0108695652174	0.0108695652174	0.0108695652174	0.0108695652174	0.0108695652174	0.0108695652174	0.0108695652174	0.0108695652174	0.0108695652174	0.0108695652174	0.0108695652174	0.0108695652174	0.0108695652174	0.0108695652174	0.0108695652174	0.0108695652174	0.0108695652174	0.0108695652174	0.0108695652174	0.0108695652174	0.0108695652174	0.0108695652174	0.0108695652174	0.0108695652174	0.0108695652174	0.0108695652174	0.0217391304348	0.0108695652174	0.0108695652174	0.0108695652174	0.0108695652174	0.0108695652174	0.0108695652174	0.0108695652174	0.0108695652174
144	0.0	0.0	0.0	0.0	0.0	0.0	0.0	0.0	0.0	0.0	0.0	0.0	0.0	0.0	0.0	0.0	0.0	0.0	0.0	0.0	0.0	0.0	0.0	0.0	0.0	0.0	0.0	0.0	0.0	0.0	0.0	0.0	0.0	0.0	0.0	0.0	0.0	0.0	0.0	0.0	0.0	0.0	0.0	0.0	0.0	0.0	0.0	0.0	0.0	0.0	0.0	0.0	0.0	0.0	0.0	0.0	0.0	0.0	0.0	0.0	0.0	0.0	0.0	0.0	0.0	0.0	0.0	0.0	0.0	0.0	0.0	0.0	0.0	0.0	0.0	0.0	0.0	0.0	0.0	0.0	0.0	0.0	0.0	0.0	0.0	1.0	0.0	0.0	0.0	0.0	0.0	0.0	0.0
2729	0.0	0.0	0.0	0.0	0.0	0.0	0.0	0.0	0.0	0.0	0.0	0.0	0.0	0.0	0.0	0.0	0.0	0.0	0.0	0.0	0.0	0.0108695652174	0.0	0.0	0.0	0.0	0.0	0.0	0.0108695652174	0.0	0.0	0.0	0.0	0.0	0.0	0.0	0.0	0.0	0.0	0.0	0.0	0.0	0.0	0.0	0.0	0.0	0.0	0.0	0.0	0.0	0.0	0.0	0.0	0.0	0.0	0.0	0.0	0.0	0.0	0.0	0.0	0.0	0.0	0.0	0.0	0.0	0.0	0.0	0.0	0.0	0.0	0.0	0.0	0.0	0.0	0.0	0.0	0.0	0.0	0.0	0.0	0.0	0.0	0.0	0.0	0.0	0.967391304348	0.0	0.0	0.0	0.0	0.0108695652174	0.0
118	0.0	0.0	0.0	0.0	0.0108695652174	0.0	0.0	0.0	0.0	0.0	0.0	0.0	0.0	0.0	0.0	0.0	0.0108695652174	0.0	0.0	0.0	0.0	0.0	0.0	0.0	0.0	0.0	0.0	0.0	0.0	0.0	0.0108695652174	0.0	0.0	0.0	0.0	0.0	0.0	0.0	0.0	0.0	0.0	0.0	0.0	0.0	0.0	0.0	0.0	0.0	0.0	0.0	0.0	0.0	0.0	0.0	0.0	0.0	0.0	0.0	0.0	0.0	0.0108695652174	0.0	0.0	0.0	0.0	0.0	0.0	0.0	0.0	0.0	0.0	0.0	0.0	0.0	0.0	0.0	0.0	0.0	0.0	0.0	0.0	0.0	0.0	0.0	0.0	0.0	0.0	0.945652173913	0.0	0.0108695652174	0.0	0.0	0.0
415	0.0108695652174	0.0	0.0108695652174	0.0	0.0	0.0	0.0	0.0108695652174	0.0	0.0	0.0	0.0	0.0	0.0	0.0	0.0	0.0	0.0	0.0	0.0	0.0	0.0	0.0	0.0	0.0	0.0	0.0	0.0	0.0	0.0	0.0	0.0	0.0	0.0108695652174	0.0	0.0	0.0108695652174	0.0	0.0	0.0	0.0	0.0	0.0	0.0	0.0	0.0	0.0	0.0	0.0	0.0	0.0	0.0	0.0	0.0	0.0	0.0	0.0	0.0	0.0	0.0	0.0	0.0	0.0	0.0	0.0	0.0	0.0	0.0108695652174	0.0	0.0108695652174	0.0	0.0	0.0	0.0	0.0	0.0	0.0	0.0	0.0108695652174	0.0	0.0	0.0	0.0	0.0	0.0	0.0	0.0	0.0	0.913043478261	0.0	0.0	0.0	0.0
3188	0.0	0.0	0.0	0.0	0.0	0.0	0.0	0.0	0.0	0.0	0.0	0.0	0.0	0.0	0.0	0.0	0.0	0.0	0.0	0.0	0.0	0.0	0.0	0.0	0.0	0.0	0.0	0.0	0.0	0.0	0.0	0.0	0.0	0.0	0.0	0.0	0.0	0.0	0.0	0.0	0.0	0.0	0.0	0.0	0.0	0.0	0.0	0.0	0.0	0.0	0.0	0.0	0.0	0.0	0.0	0.0	0.0	0.0	0.0	0.0	0.0	0.0	0.0	0.0	0.0	0.0	0.0	0.0	0.0	0.0	0.0	0.0	0.0	0.0	0.0	0.0	0.0	0.0	0.0	0.0	0.0	0.0	0.0	0.0	0.0	0.0	0.0	0.0	0.0	1.0	0.0	0.0	0.0
3041	0.0108695652174	0.0	0.0	0.0	0.0108695652174	0.0	0.0108695652174	0.0	0.0	0.0	0.0	0.0	0.0	0.0	0.0	0.0108695652174	0.0	0.0	0.0	0.0	0.0	0.0	0.0	0.0	0.0	0.0	0.0	0.0108695652174	0.0	0.0	0.0	0.0108695652174	0.0	0.0	0.0	0.0	0.0108695652174	0.0	0.0	0.0	0.0	0.0	0.0	0.0	0.0108695652174	0.0	0.0108695652174	0.0108695652174	0.0	0.0108695652174	0.0	0.0108695652174	0.0	0.0	0.0	0.0	0.0108695652174	0.0108695652174	0.0	0.0	0.0108695652174	0.0	0.0	0.0	0.0	0.0108695652174	0.0108695652174	0.0108695652174	0.0	0.0	0.0	0.0108695652174	0.0	0.0108695652174	0.0	0.0	0.0	0.0	0.0	0.0	0.0	0.0	0.0	0.0	0.0	0.0108695652174	0.0	0.0108695652174	0.0	0.0108695652174	0.75	0.0	0.0
3162	0.0108695652174	0.0	0.0108695652174	0.0	0.0108695652174	0.010989010989	0.0108695652174	0.0108695652174	0.0108695652174	0.0	0.0	0.0108695652174	0.0	0.0108695652174	0.0	0.0108695652174	0.0108695652174	0.0	0.0108695652174	0.0	0.0	0.0	0.0108695652174	0.0	0.0108695652174	0.0	0.0	0.0108695652174	0.0108695652174	0.0	0.0108695652174	0.0108695652174	0.0108695652174	0.0108695652174	0.0	0.0	0.0108695652174	0.0	0.0	0.0	0.0	0.0108695652174	0.0	0.0108695652174	0.0108695652174	0.0	0.0108695652174	0.0108695652174	0.0	0.0108695652174	0.0	0.0108695652174	0.0	0.0	0.0108695652174	0.0	0.0108695652174	0.0108695652174	0.0108695652174	0.0	0.0108695652174	0.0108695652174	0.0	0.0108695652174	0.0	0.0108695652174	0.0108695652174	0.0108695652174	0.0	0.0108695652174	0.0	0.0	0.0	0.0108695652174	0.0108695652174	0.0	0.0	0.0	0.0108695652174	0.0	0.0	0.0108695652174	0.0	0.0108695652174	0.0	0.0108695652174	0.0	0.0108695652174	0.0	0.0108695652174	0.0	0.489130434783	0.0
116	0.0108695652174	0.0	0.0108695652174	0.0108695652174	0.0108695652174	0.010989010989	0.0108695652174	0.0108695652174	0.0108695652174	0.0108695652174	0.0	0.0108695652174	0.0	0.0108695652174	0.0	0.0108695652174	0.0108695652174	0.0	0.0108695652174	0.0	0.0	0.0108695652174	0.0108695652174	0.0108695652174	0.0108695652174	0.0	0.0	0.0108695652174	0.0108695652174	0.0	0.0108695652174	0.0108695652174	0.0108695652174	0.0108695652174	0.0108695652174	0.0108695652174	0.0108695652174	0.0108695652174	0.0108695652174	0.0	0.0	0.0108695652174	0.0	0.0108695652174	0.0108695652174	0.0	0.0108695652174	0.0108695652174	0.0	0.0108695652174	0.010989010989	0.0108695652174	0.0108695652174	0.0108695652174	0.0108695652174	0.0108695652174	0.0108695652174	0.0108695652174	0.0108695652174	0.0	0.0108695652174	0.0108695652174	0.0108695652174	0.0108695652174	0.0108695652174	0.0108695652174	0.0108695652174	0.0108695652174	0.0	0.0108695652174	0.0108695652174	0.0108695652174	0.0108695652174	0.0108695652174	0.0108695652174	0.0	0.0	0.0108695652174	0.0108695652174	0.0108695652174	0.0108695652174	0.0108695652174	0.0108695652174	0.0108695652174	0.0	0.0108695652174	0.0108695652174	0.0108695652174	0.0108695652174	0.0108695652174	0.0108695652174	0.0	0.228260869565
