	3156	3173	420	2863	188	8820	146	415	140	412	122	8730	164	3164	3040	3160	165	190	2824	407	3180	142	3191	177	1585	135	136	1586	187	1750	119	120	2723	3186	394	3179	154	395	159	401	173	144	2826	178	3041	3131	172	3185	138	183	2866	3192	10924	3142	419	2731	3158	1587	3039	3193	141	8625	143	186	1583	3187	8719	3175	4	3162	2883	418	3129	3	118	139	1584	166	2714	149	147	157	3154	2729	2718	3188	3194	109
3156	0.966292134831	0.0	0.0	0.0	0.0	0.0	0.0	0.0	0.0	0.0	0.0	0.0	0.0	0.0112359550562	0.0	0.0112359550562	0.0	0.0	0.0	0.0	0.0	0.0	0.0	0.0	0.0	0.0	0.0	0.0	0.0	0.0	0.0	0.0	0.0	0.0	0.0	0.0	0.0	0.0	0.0	0.0	0.0	0.0	0.0	0.0	0.0	0.0	0.0	0.0	0.0	0.0	0.0	0.0	0.0	0.0	0.0	0.0	0.0112359550562	0.0	0.0	0.0	0.0	0.0	0.0	0.0	0.0	0.0	0.0	0.0	0.0	0.0	0.0	0.0	0.0	0.0	0.0	0.0	0.0	0.0	0.0	0.0	0.0	0.0	0.0	0.0	0.0	0.0	0.0	0.0
3173	0.0	0.988764044944	0.0	0.0	0.0	0.0	0.0	0.0	0.0	0.0	0.0	0.0	0.0	0.0	0.0	0.0	0.0	0.0	0.0	0.0	0.0	0.0	0.0	0.0	0.0	0.0	0.0	0.0	0.0	0.0	0.0	0.0	0.0	0.0	0.0	0.0	0.0	0.0	0.0	0.0	0.0	0.0	0.0	0.0	0.0	0.0	0.0	0.0	0.0	0.0	0.0	0.0	0.0	0.0	0.0	0.0	0.0	0.0	0.0	0.0	0.0	0.0	0.0	0.0	0.0	0.0	0.0	0.0112359550562	0.0	0.0	0.0	0.0	0.0	0.0	0.0	0.0	0.0	0.0	0.0	0.0	0.0	0.0	0.0	0.0	0.0	0.0	0.0	0.0
420	0.0	0.0	1.0	0.0	0.0	0.0	0.0	0.0	0.0	0.0	0.0	0.0	0.0	0.0	0.0	0.0	0.0	0.0	0.0	0.0	0.0	0.0	0.0	0.0	0.0	0.0	0.0	0.0	0.0	0.0	0.0	0.0	0.0	0.0	0.0	0.0	0.0	0.0	0.0	0.0	0.0	0.0	0.0	0.0	0.0	0.0	0.0	0.0	0.0	0.0	0.0	0.0	0.0	0.0	0.0	0.0	0.0	0.0	0.0	0.0	0.0	0.0	0.0	0.0	0.0	0.0	0.0	0.0	0.0	0.0	0.0	0.0	0.0	0.0	0.0	0.0	0.0	0.0	0.0	0.0	0.0	0.0	0.0	0.0	0.0	0.0	0.0	0.0
2863	0.0	0.0	0.0	1.0	0.0	0.0	0.0	0.0	0.0	0.0	0.0	0.0	0.0	0.0	0.0	0.0	0.0	0.0	0.0	0.0	0.0	0.0	0.0	0.0	0.0	0.0	0.0	0.0	0.0	0.0	0.0	0.0	0.0	0.0	0.0	0.0	0.0	0.0	0.0	0.0	0.0	0.0	0.0	0.0	0.0	0.0	0.0	0.0	0.0	0.0	0.0	0.0	0.0	0.0	0.0	0.0	0.0	0.0	0.0	0.0	0.0	0.0	0.0	0.0	0.0	0.0	0.0	0.0	0.0	0.0	0.0	0.0	0.0	0.0	0.0	0.0	0.0	0.0	0.0	0.0	0.0	0.0	0.0	0.0	0.0	0.0	0.0	0.0
188	0.0	0.0	0.0	0.0	0.786516853933	0.0	0.0	0.0	0.0	0.0	0.0	0.0	0.0	0.0	0.0	0.0	0.0	0.0112359550562	0.0112359550562	0.0	0.0	0.0	0.0112359550562	0.0	0.0	0.0	0.0	0.0	0.0112359550562	0.0112359550562	0.0	0.0	0.0	0.0112359550562	0.0	0.0	0.0	0.0	0.0112359550562	0.0112359550562	0.0	0.0112359550562	0.0112359550562	0.0	0.0	0.0	0.0	0.0112359550562	0.0	0.0	0.0	0.0112359550562	0.0	0.0	0.0	0.0	0.0	0.0	0.0	0.0112359550562	0.0	0.0	0.0112359550562	0.0112359550562	0.0	0.0112359550562	0.0	0.0	0.0	0.0	0.0	0.0	0.0	0.0	0.0	0.0	0.0	0.0	0.0112359550562	0.0	0.0	0.0	0.0	0.0	0.0	0.0112359550562	0.0112359550562	0.0
8820	0.0	0.0	0.0	0.0	0.0112359550562	0.685393258427	0.0	0.0	0.0112359550562	0.0	0.0	0.0	0.0	0.0	0.0	0.0	0.0112359550562	0.0112359550562	0.0	0.0	0.0	0.0	0.0112359550562	0.0	0.0112359550562	0.0112359550562	0.0	0.0	0.0112359550562	0.0	0.0	0.0	0.0	0.0112359550562	0.0	0.0112359550562	0.0	0.0	0.0112359550562	0.0	0.0112359550562	0.0	0.0	0.0	0.0	0.0	0.0112359550562	0.0112359550562	0.0	0.0	0.0	0.0112359550562	0.0	0.0	0.0	0.0	0.0	0.0	0.0	0.0112359550562	0.0112359550562	0.0	0.0	0.0112359550562	0.0112359550562	0.0112359550562	0.0	0.0112359550562	0.0	0.0	0.0	0.0	0.0112359550562	0.0	0.0112359550562	0.0112359550562	0.0	0.0	0.0112359550562	0.0	0.0	0.0112359550562	0.0	0.0	0.0	0.0112359550562	0.0112359550562	0.0
146	0.0	0.0	0.0	0.0	0.0	0.0	0.977528089888	0.0	0.0	0.0	0.0	0.0	0.0	0.0	0.0	0.0	0.0	0.0	0.0	0.0	0.0	0.0112359550562	0.0	0.0	0.0	0.0	0.0	0.0	0.0	0.0	0.0	0.0	0.0	0.0	0.0	0.0	0.0112359550562	0.0	0.0	0.0	0.0	0.0	0.0	0.0	0.0	0.0	0.0	0.0	0.0	0.0	0.0	0.0	0.0	0.0	0.0	0.0	0.0	0.0	0.0	0.0	0.0	0.0	0.0	0.0	0.0	0.0	0.0	0.0	0.0	0.0	0.0	0.0	0.0	0.0	0.0	0.0	0.0	0.0	0.0	0.0	0.0	0.0	0.0	0.0	0.0	0.0	0.0	0.0
415	0.0112359550562	0.0112359550562	0.0112359550562	0.0	0.0	0.0112359550562	0.0112359550562	0.359550561798	0.0112359550562	0.0112359550562	0.0	0.0112359550562	0.0112359550562	0.0112359550562	0.0112359550562	0.0112359550562	0.0112359550562	0.0	0.0112359550562	0.0112359550562	0.0	0.0112359550562	0.0112359550562	0.0	0.0	0.0112359550562	0.0	0.0	0.0112359550562	0.0112359550562	0.0	0.0112359550562	0.0	0.0112359550562	0.0112359550562	0.0112359550562	0.0112359550562	0.0112359550562	0.0	0.0112359550562	0.0112359550562	0.0112359550562	0.0112359550562	0.0	0.0	0.0112359550562	0.0112359550562	0.0112359550562	0.0	0.0112359550562	0.0	0.0112359550562	0.0	0.0	0.0	0.0112359550562	0.0112359550562	0.0	0.0	0.0112359550562	0.0112359550562	0.0	0.0112359550562	0.0112359550562	0.0	0.0112359550562	0.0	0.0112359550562	0.0	0.0112359550562	0.0	0.0	0.0112359550562	0.0114942528736	0.0112359550562	0.0112359550562	0.0	0.0112359550562	0.0112359550562	0.0112359550562	0.0112359550562	0.0112359550562	0.0	0.0112359550562	0.0	0.0112359550562	0.0112359550562	0.0114942528736
140	0.0	0.0	0.0	0.0	0.0	0.0	0.0	0.0	1.0	0.0	0.0	0.0	0.0	0.0	0.0	0.0	0.0	0.0	0.0	0.0	0.0	0.0	0.0	0.0	0.0	0.0	0.0	0.0	0.0	0.0	0.0	0.0	0.0	0.0	0.0	0.0	0.0	0.0	0.0	0.0	0.0	0.0	0.0	0.0	0.0	0.0	0.0	0.0	0.0	0.0	0.0	0.0	0.0	0.0	0.0	0.0	0.0	0.0	0.0	0.0	0.0	0.0	0.0	0.0	0.0	0.0	0.0	0.0	0.0	0.0	0.0	0.0	0.0	0.0	0.0	0.0	0.0	0.0	0.0	0.0	0.0	0.0	0.0	0.0	0.0	0.0	0.0	0.0
412	0.0	0.0	0.0112359550562	0.0	0.0	0.0	0.0	0.0	0.0	0.977528089888	0.0	0.0	0.0	0.0	0.0	0.0	0.0	0.0	0.0	0.0	0.0	0.0	0.0	0.0	0.0	0.0	0.0	0.0	0.0	0.0	0.0	0.0	0.0	0.0	0.0	0.0	0.0	0.0	0.0	0.0	0.0	0.0	0.0	0.0	0.0	0.0	0.0	0.0	0.0	0.0	0.0	0.0	0.0	0.0112359550562	0.0	0.0	0.0	0.0	0.0	0.0	0.0	0.0	0.0	0.0	0.0	0.0	0.0	0.0	0.0	0.0	0.0	0.0	0.0	0.0	0.0	0.0	0.0	0.0	0.0	0.0	0.0	0.0	0.0	0.0	0.0	0.0	0.0	0.0
122	0.0112359550562	0.0112359550562	0.0112359550562	0.0112359550562	0.0112359550562	0.0112359550562	0.0112359550562	0.0	0.0112359550562	0.0	0.172413793103	0.0112359550562	0.0112359550562	0.0112359550562	0.0112359550562	0.0112359550562	0.0112359550562	0.0112359550562	0.0112359550562	0.0112359550562	0.0	0.0112359550562	0.0112359550562	0.0	0.0112359550562	0.0112359550562	0.0	0.0112359550562	0.0112359550562	0.0112359550562	0.0112359550562	0.0112359550562	0.0	0.0112359550562	0.0112359550562	0.0112359550562	0.0112359550562	0.0112359550562	0.0112359550562	0.0112359550562	0.0112359550562	0.0112359550562	0.0112359550562	0.0	0.0	0.0112359550562	0.0112359550562	0.0112359550562	0.0	0.0112359550562	0.0	0.0112359550562	0.0114942528736	0.0112359550562	0.0	0.0112359550562	0.0112359550562	0.0	0.0	0.0112359550562	0.0112359550562	0.0114942528736	0.0112359550562	0.0112359550562	0.0112359550562	0.0112359550562	0.0112359550562	0.0112359550562	0.0113636363636	0.0112359550562	0.0	0.0112359550562	0.0112359550562	0.0114942528736	0.0112359550562	0.0112359550562	0.0	0.0112359550562	0.0112359550562	0.0112359550562	0.0112359550562	0.0112359550562	0.0112359550562	0.0112359550562	0.0112359550562	0.0112359550562	0.0112359550562	0.0114942528736
8730	0.0	0.0	0.0	0.0	0.0	0.0	0.0	0.0	0.0	0.0	0.0	0.910112359551	0.0	0.0	0.0	0.0	0.0	0.0	0.0112359550562	0.0112359550562	0.0	0.0	0.0	0.0	0.0	0.0	0.0	0.0	0.0	0.0	0.0	0.0112359550562	0.0	0.0	0.0	0.0	0.0	0.0	0.0	0.0112359550562	0.0	0.0112359550562	0.0112359550562	0.0	0.0	0.0	0.0	0.0	0.0	0.0	0.0	0.0	0.0	0.0	0.0	0.0	0.0	0.0	0.0	0.0	0.0	0.0	0.0112359550562	0.0	0.0	0.0	0.0	0.0	0.0	0.0	0.0	0.0	0.0	0.0	0.0112359550562	0.0	0.0	0.0	0.0	0.0	0.0	0.0	0.0	0.0	0.0	0.0	0.0	0.0
164	0.0	0.0112359550562	0.0	0.0	0.0	0.0112359550562	0.0	0.0	0.0112359550562	0.0	0.0	0.0112359550562	0.561797752809	0.0	0.0	0.0	0.0112359550562	0.0	0.0112359550562	0.0112359550562	0.0	0.0	0.0112359550562	0.0	0.0	0.0112359550562	0.0	0.0	0.0112359550562	0.0112359550562	0.0	0.0112359550562	0.0	0.0112359550562	0.0	0.0112359550562	0.0112359550562	0.0112359550562	0.0	0.0112359550562	0.0112359550562	0.0112359550562	0.0112359550562	0.0	0.0	0.0112359550562	0.0	0.0112359550562	0.0	0.0112359550562	0.0	0.0112359550562	0.0	0.0	0.0	0.0	0.0	0.0	0.0	0.0112359550562	0.0112359550562	0.0	0.0112359550562	0.0	0.0	0.0112359550562	0.0	0.0112359550562	0.0	0.0	0.0	0.0	0.0112359550562	0.0114942528736	0.0112359550562	0.0112359550562	0.0	0.0112359550562	0.0112359550562	0.0	0.0	0.0112359550562	0.0	0.0	0.0	0.0112359550562	0.0112359550562	0.0114942528736
3164	0.0	0.0	0.0	0.0	0.0	0.0	0.0	0.0	0.0	0.0	0.0	0.0	0.0	1.0	0.0	0.0	0.0	0.0	0.0	0.0	0.0	0.0	0.0	0.0	0.0	0.0	0.0	0.0	0.0	0.0	0.0	0.0	0.0	0.0	0.0	0.0	0.0	0.0	0.0	0.0	0.0	0.0	0.0	0.0	0.0	0.0	0.0	0.0	0.0	0.0	0.0	0.0	0.0	0.0	0.0	0.0	0.0	0.0	0.0	0.0	0.0	0.0	0.0	0.0	0.0	0.0	0.0	0.0	0.0	0.0	0.0	0.0	0.0	0.0	0.0	0.0	0.0	0.0	0.0	0.0	0.0	0.0	0.0	0.0	0.0	0.0	0.0	0.0
3040	0.0	0.0	0.0	0.0	0.0	0.0	0.0	0.0112359550562	0.0	0.0	0.0	0.0	0.0	0.0	0.966292134831	0.0	0.0	0.0	0.0	0.0	0.0	0.0	0.0	0.0112359550562	0.0	0.0	0.0	0.0	0.0	0.0	0.0	0.0	0.0	0.0	0.0	0.0	0.0	0.0	0.0	0.0	0.0	0.0	0.0	0.0	0.0	0.0	0.0	0.0	0.0	0.0	0.0	0.0	0.0	0.0112359550562	0.0	0.0	0.0	0.0	0.0	0.0	0.0	0.0	0.0	0.0	0.0	0.0	0.0	0.0	0.0	0.0	0.0	0.0	0.0	0.0	0.0	0.0	0.0	0.0	0.0	0.0	0.0	0.0	0.0	0.0	0.0	0.0	0.0	0.0
3160	0.0	0.0	0.0	0.0	0.0	0.0	0.0	0.0	0.0	0.0	0.0	0.0	0.0	0.0112359550562	0.0	0.988764044944	0.0	0.0	0.0	0.0	0.0	0.0	0.0	0.0	0.0	0.0	0.0	0.0	0.0	0.0	0.0	0.0	0.0	0.0	0.0	0.0	0.0	0.0	0.0	0.0	0.0	0.0	0.0	0.0	0.0	0.0	0.0	0.0	0.0	0.0	0.0	0.0	0.0	0.0	0.0	0.0	0.0	0.0	0.0	0.0	0.0	0.0	0.0	0.0	0.0	0.0	0.0	0.0	0.0	0.0	0.0	0.0	0.0	0.0	0.0	0.0	0.0	0.0	0.0	0.0	0.0	0.0	0.0	0.0	0.0	0.0	0.0	0.0
165	0.0	0.0	0.0	0.0	0.0	0.0	0.0	0.0	0.0112359550562	0.0	0.0	0.0	0.0	0.0	0.0	0.0	0.955056179775	0.0	0.0	0.0	0.0	0.0	0.0	0.0	0.0	0.0112359550562	0.0	0.0	0.0	0.0	0.0	0.0	0.0	0.0	0.0	0.0	0.0	0.0	0.0	0.0	0.0	0.0	0.0	0.0	0.0	0.0	0.0	0.0	0.0	0.0	0.0	0.0	0.0	0.0	0.0	0.0	0.0	0.0	0.0	0.0	0.0112359550562	0.0	0.0	0.0	0.0	0.0	0.0	0.0	0.0	0.0	0.0	0.0	0.0	0.0	0.0	0.0112359550562	0.0	0.0	0.0	0.0	0.0	0.0	0.0	0.0	0.0	0.0	0.0	0.0
190	0.0	0.0112359550562	0.0	0.0	0.0	0.0	0.0	0.0	0.0112359550562	0.0	0.0	0.0112359550562	0.0	0.0	0.0	0.0	0.0	0.752808988764	0.0	0.0	0.0	0.0	0.0112359550562	0.0	0.0	0.0112359550562	0.0	0.0	0.0112359550562	0.0112359550562	0.0	0.0	0.0	0.0112359550562	0.0	0.0112359550562	0.0	0.0112359550562	0.0	0.0	0.0	0.0	0.0	0.0	0.0	0.0112359550562	0.0	0.0112359550562	0.0	0.0	0.0	0.0112359550562	0.0	0.0	0.0	0.0	0.0	0.0	0.0	0.0112359550562	0.0112359550562	0.0	0.0	0.0	0.0	0.0112359550562	0.0	0.0112359550562	0.0	0.0	0.0	0.0	0.0	0.0114942528736	0.0	0.0112359550562	0.0	0.0	0.0112359550562	0.0	0.0	0.0	0.0	0.0	0.0	0.0112359550562	0.0112359550562	0.0
2824	0.0	0.0	0.0112359550562	0.0	0.0	0.0	0.0	0.0	0.0	0.0	0.0	0.0	0.0	0.0	0.0	0.0	0.0	0.0	0.966292134831	0.0	0.0	0.0	0.0	0.0	0.0	0.0	0.0	0.0	0.0	0.0	0.0	0.0	0.0	0.0	0.0112359550562	0.0	0.0	0.0	0.0	0.0	0.0	0.0	0.0112359550562	0.0	0.0	0.0	0.0	0.0	0.0	0.0	0.0	0.0	0.0	0.0	0.0	0.0	0.0	0.0	0.0	0.0	0.0	0.0	0.0	0.0	0.0	0.0	0.0	0.0	0.0	0.0	0.0	0.0	0.0	0.0	0.0	0.0	0.0	0.0	0.0	0.0	0.0	0.0	0.0	0.0	0.0	0.0	0.0	0.0
407	0.0	0.0	0.0	0.0	0.0	0.0	0.0	0.0	0.0	0.0	0.0	0.0	0.0	0.0	0.0	0.0	0.0	0.0	0.0	0.988764044944	0.0	0.0	0.0	0.0	0.0	0.0	0.0	0.0	0.0	0.0	0.0	0.0	0.0	0.0	0.0	0.0	0.0	0.0	0.0	0.0112359550562	0.0	0.0	0.0	0.0	0.0	0.0	0.0	0.0	0.0	0.0	0.0	0.0	0.0	0.0	0.0	0.0	0.0	0.0	0.0	0.0	0.0	0.0	0.0	0.0	0.0	0.0	0.0	0.0	0.0	0.0	0.0	0.0	0.0	0.0	0.0	0.0	0.0	0.0	0.0	0.0	0.0	0.0	0.0	0.0	0.0	0.0	0.0	0.0
3180	0.0112359550562	0.0112359550562	0.0112359550562	0.0112359550562	0.0112359550562	0.0112359550562	0.0112359550562	0.0112359550562	0.0112359550562	0.0112359550562	0.0114942528736	0.0112359550562	0.0112359550562	0.0112359550562	0.0	0.0112359550562	0.0112359550562	0.0112359550562	0.0112359550562	0.0112359550562	0.103448275862	0.0112359550562	0.0112359550562	0.0	0.0112359550562	0.0112359550562	0.0112359550562	0.0112359550562	0.0112359550562	0.0112359550562	0.0112359550562	0.0112359550562	0.0113636363636	0.0112359550562	0.0112359550562	0.0112359550562	0.0112359550562	0.0112359550562	0.0112359550562	0.0112359550562	0.0112359550562	0.0112359550562	0.0112359550562	0.0	0.0	0.0112359550562	0.0112359550562	0.0112359550562	0.0112359550562	0.0112359550562	0.0	0.0112359550562	0.0114942528736	0.0	0.0112359550562	0.0112359550562	0.0112359550562	0.0	0.0	0.0112359550562	0.0112359550562	0.0114942528736	0.0112359550562	0.0112359550562	0.0112359550562	0.0112359550562	0.0112359550562	0.0112359550562	0.0113636363636	0.0112359550562	0.0	0.0112359550562	0.0112359550562	0.0114942528736	0.0112359550562	0.0112359550562	0.0112359550562	0.0112359550562	0.0112359550562	0.0112359550562	0.0112359550562	0.0112359550562	0.0112359550562	0.0112359550562	0.0112359550562	0.0112359550562	0.0112359550562	0.0114942528736
142	0.0	0.0	0.0	0.0	0.0	0.0	0.0	0.0	0.0	0.0	0.0	0.0	0.0	0.0	0.0	0.0	0.0	0.0	0.0	0.0	0.0	0.988764044944	0.0	0.0	0.0	0.0	0.0	0.0	0.0	0.0	0.0	0.0	0.0	0.0	0.0	0.0	0.0112359550562	0.0	0.0	0.0	0.0	0.0	0.0	0.0	0.0	0.0	0.0	0.0	0.0	0.0	0.0	0.0	0.0	0.0	0.0	0.0	0.0	0.0	0.0	0.0	0.0	0.0	0.0	0.0	0.0	0.0	0.0	0.0	0.0	0.0	0.0	0.0	0.0	0.0	0.0	0.0	0.0	0.0	0.0	0.0	0.0	0.0	0.0	0.0	0.0	0.0	0.0	0.0
3191	0.0	0.0	0.0	0.0	0.0	0.0	0.0	0.0	0.0	0.0	0.0	0.0	0.0	0.0	0.0	0.0	0.0	0.0	0.0	0.0	0.0	0.0	1.0	0.0	0.0	0.0	0.0	0.0	0.0	0.0	0.0	0.0	0.0	0.0	0.0	0.0	0.0	0.0	0.0	0.0	0.0	0.0	0.0	0.0	0.0	0.0	0.0	0.0	0.0	0.0	0.0	0.0	0.0	0.0	0.0	0.0	0.0	0.0	0.0	0.0	0.0	0.0	0.0	0.0	0.0	0.0	0.0	0.0	0.0	0.0	0.0	0.0	0.0	0.0	0.0	0.0	0.0	0.0	0.0	0.0	0.0	0.0	0.0	0.0	0.0	0.0	0.0	0.0
177	0.0	0.0	0.0	0.0	0.0	0.0	0.0	0.0	0.0	0.0	0.0	0.0	0.0	0.0	0.0	0.0	0.0	0.0	0.0	0.0	0.0	0.0	0.0	0.988764044944	0.0	0.0	0.0	0.0	0.0	0.0	0.0	0.0	0.0	0.0	0.0	0.0	0.0	0.0	0.0	0.0	0.0	0.0	0.0	0.0	0.0	0.0	0.0	0.0	0.0	0.0	0.0	0.0	0.0	0.0	0.0	0.0	0.0	0.0	0.0114942528736	0.0	0.0	0.0	0.0	0.0	0.0	0.0	0.0	0.0	0.0	0.0	0.0	0.0	0.0	0.0	0.0	0.0	0.0	0.0	0.0	0.0	0.0	0.0	0.0	0.0	0.0	0.0	0.0	0.0
1585	0.0	0.0	0.0	0.0	0.0	0.0	0.0	0.0	0.0	0.0	0.0	0.0	0.0	0.0	0.0	0.0	0.0	0.0	0.0	0.0	0.0	0.0	0.0	0.0	0.943820224719	0.0	0.0	0.0112359550562	0.0	0.0	0.0	0.0	0.0	0.0	0.0	0.0	0.0	0.0	0.0	0.0	0.0	0.0	0.0	0.0	0.0	0.0	0.0	0.0	0.0	0.0	0.0	0.0	0.0	0.0	0.0	0.0	0.0	0.0112359550562	0.0	0.0	0.0	0.0	0.0	0.0	0.0112359550562	0.0	0.0	0.0	0.0	0.0	0.0112359550562	0.0	0.0	0.0	0.0	0.0	0.0112359550562	0.0	0.0	0.0	0.0	0.0	0.0	0.0	0.0	0.0	0.0	0.0
135	0.0	0.0	0.0	0.0	0.0	0.0	0.0	0.0	0.0	0.0	0.0	0.0	0.0	0.0	0.0	0.0	0.0	0.0	0.0	0.0	0.0	0.0	0.0	0.0	0.0	0.988764044944	0.0	0.0	0.0	0.0	0.0	0.0	0.0	0.0	0.0	0.0	0.0	0.0	0.0	0.0	0.0	0.0	0.0	0.0	0.0	0.0	0.0	0.0	0.0	0.0	0.0	0.0	0.0	0.0	0.0	0.0	0.0	0.0	0.0	0.0	0.0112359550562	0.0	0.0	0.0	0.0	0.0	0.0	0.0	0.0	0.0	0.0	0.0	0.0	0.0	0.0	0.0	0.0	0.0	0.0	0.0	0.0	0.0	0.0	0.0	0.0	0.0	0.0	0.0
136	0.0	0.0	0.0	0.0	0.0	0.0	0.0	0.0	0.0	0.0112359550562	0.0	0.0	0.0	0.0	0.0	0.0	0.0	0.0	0.0	0.0	0.0114942528736	0.0	0.0	0.0112359550562	0.0	0.0	0.943820224719	0.0	0.0	0.0	0.0	0.0	0.0	0.0	0.0	0.0	0.0	0.0	0.0	0.0	0.0	0.0	0.0	0.0	0.0	0.0	0.0	0.0	0.0112359550562	0.0	0.0	0.0	0.0	0.0	0.0	0.0	0.0	0.0	0.0114942528736	0.0	0.0	0.0	0.0	0.0	0.0	0.0	0.0	0.0	0.0	0.0	0.0	0.0	0.0	0.0	0.0	0.0	0.0	0.0	0.0	0.0	0.0	0.0	0.0	0.0	0.0	0.0	0.0	0.0
1586	0.0	0.0	0.0	0.0	0.0	0.0	0.0	0.0112359550562	0.0	0.0	0.0	0.0	0.0	0.0	0.0	0.0	0.0	0.0	0.0	0.0	0.0114942528736	0.0	0.0	0.0	0.0112359550562	0.0	0.0	0.921348314607	0.0	0.0	0.0	0.0	0.0	0.0	0.0	0.0	0.0	0.0	0.0	0.0	0.0	0.0	0.0	0.0	0.0	0.0	0.0	0.0	0.0	0.0	0.0	0.0	0.0	0.0	0.0	0.0	0.0	0.0112359550562	0.0	0.0	0.0	0.0	0.0	0.0	0.0112359550562	0.0	0.0	0.0	0.0	0.0	0.0112359550562	0.0	0.0	0.0	0.0	0.0	0.0112359550562	0.0	0.0	0.0	0.0	0.0	0.0	0.0	0.0	0.0	0.0	0.0
187	0.0	0.0	0.0	0.0112359550562	0.0	0.0	0.0	0.0	0.0	0.0	0.0	0.0	0.0	0.0	0.0	0.0	0.0	0.0	0.0	0.0	0.0	0.0	0.0	0.0	0.0	0.0	0.0	0.0	0.977528089888	0.0	0.0	0.0	0.0	0.0	0.0	0.0	0.0	0.0112359550562	0.0	0.0	0.0	0.0	0.0	0.0	0.0	0.0	0.0	0.0	0.0	0.0	0.0	0.0	0.0	0.0	0.0	0.0	0.0	0.0	0.0	0.0	0.0	0.0	0.0	0.0	0.0	0.0	0.0	0.0	0.0	0.0	0.0	0.0	0.0	0.0	0.0	0.0	0.0	0.0	0.0	0.0	0.0	0.0	0.0	0.0	0.0	0.0	0.0	0.0
1750	0.0	0.0112359550562	0.0112359550562	0.0112359550562	0.0112359550562	0.0112359550562	0.0	0.0112359550562	0.0112359550562	0.0	0.0	0.0112359550562	0.0	0.0	0.0	0.0	0.0	0.0112359550562	0.0	0.0112359550562	0.0	0.0	0.0112359550562	0.0	0.0112359550562	0.0112359550562	0.0	0.0112359550562	0.0112359550562	0.494382022472	0.0	0.0	0.0	0.0112359550562	0.0112359550562	0.0112359550562	0.0	0.0112359550562	0.0	0.0112359550562	0.0112359550562	0.0	0.0	0.0	0.0	0.0112359550562	0.0112359550562	0.0112359550562	0.0112359550562	0.0	0.0	0.0112359550562	0.0114942528736	0.0	0.0112359550562	0.0	0.0	0.0	0.0	0.0112359550562	0.0112359550562	0.0	0.0	0.0112359550562	0.0112359550562	0.0112359550562	0.0	0.0112359550562	0.0	0.0	0.0	0.0112359550562	0.0112359550562	0.0114942528736	0.0	0.0112359550562	0.0112359550562	0.0	0.0112359550562	0.0	0.0	0.0112359550562	0.0112359550562	0.0	0.0112359550562	0.0112359550562	0.0112359550562	0.0
119	0.0	0.0112359550562	0.0112359550562	0.0112359550562	0.0112359550562	0.0112359550562	0.0112359550562	0.0	0.0112359550562	0.0	0.0	0.0112359550562	0.0112359550562	0.0	0.0	0.0	0.0112359550562	0.0112359550562	0.0112359550562	0.0112359550562	0.0	0.0112359550562	0.0112359550562	0.0	0.0112359550562	0.0112359550562	0.0	0.0112359550562	0.0112359550562	0.0112359550562	0.303370786517	0.0112359550562	0.0	0.0112359550562	0.0112359550562	0.0112359550562	0.0112359550562	0.0112359550562	0.0112359550562	0.0112359550562	0.0112359550562	0.0112359550562	0.0112359550562	0.0	0.0	0.0112359550562	0.0112359550562	0.0112359550562	0.0	0.0112359550562	0.0	0.0112359550562	0.0114942528736	0.0	0.0112359550562	0.0112359550562	0.0	0.0	0.0	0.0112359550562	0.0112359550562	0.0	0.0112359550562	0.0112359550562	0.0112359550562	0.0112359550562	0.0	0.0112359550562	0.0	0.0	0.0	0.0112359550562	0.0112359550562	0.0114942528736	0.0112359550562	0.0112359550562	0.0	0.0112359550562	0.0112359550562	0.0112359550562	0.0112359550562	0.0112359550562	0.0112359550562	0.0112359550562	0.0112359550562	0.0112359550562	0.0112359550562	0.0114942528736
120	0.0	0.0	0.0	0.0	0.0	0.0	0.0112359550562	0.0	0.0	0.0	0.0	0.0	0.0	0.0	0.0	0.0	0.0	0.0112359550562	0.0112359550562	0.0	0.0	0.0112359550562	0.0112359550562	0.0	0.0	0.0	0.0	0.0	0.0	0.0	0.0	0.786516853933	0.0	0.0112359550562	0.0	0.0	0.0112359550562	0.0	0.0112359550562	0.0	0.0	0.0112359550562	0.0112359550562	0.0	0.0	0.0	0.0	0.0112359550562	0.0	0.0	0.0	0.0112359550562	0.0	0.0	0.0	0.0	0.0	0.0	0.0	0.0112359550562	0.0	0.0	0.0112359550562	0.0	0.0	0.0112359550562	0.0	0.0	0.0	0.0	0.0	0.0	0.0	0.0	0.0	0.0	0.0	0.0	0.0112359550562	0.0	0.0	0.0	0.0	0.0	0.0	0.0112359550562	0.0112359550562	0.0114942528736
2723	0.0112359550562	0.0112359550562	0.0112359550562	0.0112359550562	0.0112359550562	0.0112359550562	0.0	0.0112359550562	0.0112359550562	0.0112359550562	0.0	0.0112359550562	0.0	0.0112359550562	0.0112359550562	0.0112359550562	0.0112359550562	0.0112359550562	0.0112359550562	0.0112359550562	0.0	0.0112359550562	0.0112359550562	0.0	0.0112359550562	0.0112359550562	0.0112359550562	0.0112359550562	0.0112359550562	0.0112359550562	0.0112359550562	0.0112359550562	0.215909090909	0.0112359550562	0.0112359550562	0.0112359550562	0.0112359550562	0.0112359550562	0.0	0.0112359550562	0.0112359550562	0.0112359550562	0.0112359550562	0.0	0.0	0.0112359550562	0.0112359550562	0.0112359550562	0.0112359550562	0.0112359550562	0.0	0.0112359550562	0.0114942528736	0.0112359550562	0.0112359550562	0.0112359550562	0.0112359550562	0.0	0.0	0.0112359550562	0.0112359550562	0.0	0.0112359550562	0.0112359550562	0.0112359550562	0.0112359550562	0.0112359550562	0.0112359550562	0.0	0.0112359550562	0.0	0.0112359550562	0.0112359550562	0.0114942528736	0.0112359550562	0.0112359550562	0.0	0.0	0.0112359550562	0.0	0.0	0.0112359550562	0.0112359550562	0.0112359550562	0.0112359550562	0.0112359550562	0.0112359550562	0.0114942528736
3186	0.0	0.0	0.0	0.0	0.0	0.0	0.0	0.0	0.0	0.0	0.0	0.0	0.0	0.0	0.0	0.0	0.0	0.0	0.0	0.0	0.0	0.0	0.0	0.0	0.0	0.0	0.0	0.0	0.0	0.0	0.0	0.0	0.0	1.0	0.0	0.0	0.0	0.0	0.0	0.0	0.0	0.0	0.0	0.0	0.0	0.0	0.0	0.0	0.0	0.0	0.0	0.0	0.0	0.0	0.0	0.0	0.0	0.0	0.0	0.0	0.0	0.0	0.0	0.0	0.0	0.0	0.0	0.0	0.0	0.0	0.0	0.0	0.0	0.0	0.0	0.0	0.0	0.0	0.0	0.0	0.0	0.0	0.0	0.0	0.0	0.0	0.0	0.0
394	0.0	0.0	0.0112359550562	0.0	0.0	0.0	0.0	0.0	0.0	0.0	0.0	0.0	0.0	0.0	0.0	0.0	0.0	0.0	0.0	0.0	0.0	0.0	0.0	0.0	0.0	0.0	0.0	0.0	0.0	0.0	0.0	0.0	0.0	0.0	0.977528089888	0.0	0.0	0.0	0.0	0.0	0.0	0.0	0.0	0.0	0.0	0.0	0.0	0.0	0.0	0.0	0.0	0.0	0.0	0.0112359550562	0.0	0.0	0.0	0.0	0.0	0.0	0.0	0.0	0.0	0.0	0.0	0.0	0.0	0.0	0.0	0.0	0.0	0.0	0.0	0.0	0.0	0.0	0.0	0.0	0.0	0.0	0.0	0.0	0.0	0.0	0.0	0.0	0.0	0.0
3179	0.0	0.0112359550562	0.0	0.0	0.0	0.0	0.0	0.0	0.0	0.0	0.0	0.0112359550562	0.0	0.0	0.0	0.0	0.0	0.0	0.0	0.0112359550562	0.0	0.0	0.0112359550562	0.0	0.0	0.0	0.0	0.0	0.0	0.0112359550562	0.0	0.0112359550562	0.0	0.0112359550562	0.0	0.741573033708	0.0	0.0	0.0	0.0112359550562	0.0	0.0	0.0112359550562	0.0	0.0	0.0112359550562	0.0	0.0112359550562	0.0	0.0112359550562	0.0	0.0112359550562	0.0	0.0	0.0	0.0	0.0	0.0	0.0	0.0112359550562	0.0	0.0	0.0	0.0	0.0	0.0112359550562	0.0	0.0112359550562	0.0	0.0	0.0	0.0	0.0112359550562	0.0114942528736	0.0112359550562	0.0	0.0	0.0	0.0112359550562	0.0	0.0	0.0	0.0	0.0	0.0	0.0112359550562	0.0112359550562	0.0114942528736
154	0.0	0.0	0.0	0.0	0.0	0.0	0.0	0.0	0.0	0.0	0.0	0.0	0.0	0.0	0.0	0.0	0.0	0.0	0.0	0.0	0.0	0.0	0.0	0.0	0.0	0.0	0.0	0.0	0.0	0.0	0.0	0.0	0.0	0.0	0.0	0.0	1.0	0.0	0.0	0.0	0.0	0.0	0.0	0.0	0.0	0.0	0.0	0.0	0.0	0.0	0.0	0.0	0.0	0.0	0.0	0.0	0.0	0.0	0.0	0.0	0.0	0.0	0.0	0.0	0.0	0.0	0.0	0.0	0.0	0.0	0.0	0.0	0.0	0.0	0.0	0.0	0.0	0.0	0.0	0.0	0.0	0.0	0.0	0.0	0.0	0.0	0.0	0.0
395	0.0	0.0	0.0	0.0	0.0	0.0	0.0	0.0	0.0	0.0	0.0	0.0	0.0	0.0	0.0	0.0	0.0	0.0	0.0	0.0	0.0	0.0	0.0	0.0	0.0	0.0	0.0	0.0	0.0	0.0	0.0	0.0	0.0	0.0	0.0	0.0	0.0	1.0	0.0	0.0	0.0	0.0	0.0	0.0	0.0	0.0	0.0	0.0	0.0	0.0	0.0	0.0	0.0	0.0	0.0	0.0	0.0	0.0	0.0	0.0	0.0	0.0	0.0	0.0	0.0	0.0	0.0	0.0	0.0	0.0	0.0	0.0	0.0	0.0	0.0	0.0	0.0	0.0	0.0	0.0	0.0	0.0	0.0	0.0	0.0	0.0	0.0	0.0
159	0.0112359550562	0.0	0.0112359550562	0.0	0.0	0.0	0.0112359550562	0.0	0.0112359550562	0.0	0.0	0.0112359550562	0.0	0.0112359550562	0.0112359550562	0.0112359550562	0.0112359550562	0.0112359550562	0.0112359550562	0.0112359550562	0.0	0.0112359550562	0.0112359550562	0.0	0.0	0.0112359550562	0.0	0.0	0.0	0.0112359550562	0.0	0.0112359550562	0.0	0.0112359550562	0.0112359550562	0.0112359550562	0.0112359550562	0.0	0.460674157303	0.0112359550562	0.0112359550562	0.0112359550562	0.0112359550562	0.0	0.0	0.0112359550562	0.0	0.0112359550562	0.0	0.0112359550562	0.0	0.0112359550562	0.0	0.0	0.0	0.0112359550562	0.0112359550562	0.0	0.0	0.0112359550562	0.0112359550562	0.0114942528736	0.0112359550562	0.0112359550562	0.0	0.0112359550562	0.0	0.0	0.0	0.0112359550562	0.0	0.0	0.0112359550562	0.0114942528736	0.0112359550562	0.0112359550562	0.0	0.0112359550562	0.0112359550562	0.0	0.0	0.0	0.0	0.0112359550562	0.0	0.0112359550562	0.0112359550562	0.0114942528736
401	0.0	0.0	0.0	0.0	0.0	0.0	0.0	0.0	0.0	0.0	0.0	0.0	0.0	0.0	0.0	0.0	0.0	0.0	0.0	0.0	0.0	0.0	0.0	0.0	0.0	0.0	0.0	0.0	0.0	0.0	0.0	0.0	0.0	0.0	0.0	0.0	0.0	0.0	0.0	1.0	0.0	0.0	0.0	0.0	0.0	0.0	0.0	0.0	0.0	0.0	0.0	0.0	0.0	0.0	0.0	0.0	0.0	0.0	0.0	0.0	0.0	0.0	0.0	0.0	0.0	0.0	0.0	0.0	0.0	0.0	0.0	0.0	0.0	0.0	0.0	0.0	0.0	0.0	0.0	0.0	0.0	0.0	0.0	0.0	0.0	0.0	0.0	0.0
173	0.0	0.0	0.0	0.0	0.0	0.0	0.0	0.0	0.0	0.0	0.0	0.0	0.0	0.0	0.0	0.0	0.0	0.0	0.0	0.0	0.0	0.0	0.0	0.0	0.0	0.0	0.0	0.0	0.0	0.0	0.0	0.0	0.0	0.0	0.0	0.0	0.0	0.0	0.0	0.0	1.0	0.0	0.0	0.0	0.0	0.0	0.0	0.0	0.0	0.0	0.0	0.0	0.0	0.0	0.0	0.0	0.0	0.0	0.0	0.0	0.0	0.0	0.0	0.0	0.0	0.0	0.0	0.0	0.0	0.0	0.0	0.0	0.0	0.0	0.0	0.0	0.0	0.0	0.0	0.0	0.0	0.0	0.0	0.0	0.0	0.0	0.0	0.0
144	0.0	0.0	0.0	0.0	0.0	0.0	0.0	0.0	0.0	0.0	0.0	0.0	0.0	0.0	0.0	0.0	0.0	0.0	0.0	0.0	0.0	0.0	0.0	0.0	0.0	0.0	0.0	0.0	0.0	0.0	0.0	0.0	0.0	0.0	0.0	0.0	0.0112359550562	0.0	0.0	0.0	0.0	0.988764044944	0.0	0.0	0.0	0.0	0.0	0.0	0.0	0.0	0.0	0.0	0.0	0.0	0.0	0.0	0.0	0.0	0.0	0.0	0.0	0.0	0.0	0.0	0.0	0.0	0.0	0.0	0.0	0.0	0.0	0.0	0.0	0.0	0.0	0.0	0.0	0.0	0.0	0.0	0.0	0.0	0.0	0.0	0.0	0.0	0.0	0.0
2826	0.0	0.0	0.0112359550562	0.0	0.0	0.0	0.0	0.0	0.0	0.0	0.0	0.0	0.0	0.0	0.0	0.0	0.0	0.0	0.0	0.0112359550562	0.0	0.0	0.0	0.0	0.0	0.0	0.0	0.0	0.0	0.0	0.0	0.0	0.0	0.0	0.0112359550562	0.0	0.0	0.0	0.0	0.0112359550562	0.0	0.0	0.943820224719	0.0	0.0	0.0	0.0	0.0	0.0	0.0	0.0	0.0	0.0114942528736	0.0	0.0	0.0	0.0	0.0	0.0	0.0	0.0	0.0	0.0	0.0	0.0	0.0	0.0	0.0	0.0	0.0	0.0	0.0	0.0	0.0	0.0	0.0	0.0	0.0	0.0	0.0	0.0	0.0	0.0	0.0	0.0	0.0	0.0	0.0
178	0.0112359550562	0.0112359550562	0.0112359550562	0.0112359550562	0.0112359550562	0.0112359550562	0.0112359550562	0.0	0.0112359550562	0.0	0.0114942528736	0.0112359550562	0.0112359550562	0.0112359550562	0.0112359550562	0.0112359550562	0.0112359550562	0.0112359550562	0.0112359550562	0.0112359550562	0.0	0.0112359550562	0.0112359550562	0.0	0.0112359550562	0.0112359550562	0.0112359550562	0.0112359550562	0.0112359550562	0.0112359550562	0.0112359550562	0.0112359550562	0.0113636363636	0.0112359550562	0.0112359550562	0.0112359550562	0.0112359550562	0.0112359550562	0.0112359550562	0.0112359550562	0.0112359550562	0.0112359550562	0.0112359550562	0.0919540229885	0.0112359550562	0.0112359550562	0.0112359550562	0.0112359550562	0.0112359550562	0.0112359550562	0.0	0.0112359550562	0.0114942528736	0.0112359550562	0.0112359550562	0.0112359550562	0.0112359550562	0.0	0.0	0.0112359550562	0.0112359550562	0.0114942528736	0.0112359550562	0.0112359550562	0.0112359550562	0.0112359550562	0.0112359550562	0.0112359550562	0.0113636363636	0.0112359550562	0.0	0.0112359550562	0.0112359550562	0.0114942528736	0.0112359550562	0.0112359550562	0.0112359550562	0.0112359550562	0.0112359550562	0.0112359550562	0.0112359550562	0.0112359550562	0.0112359550562	0.0112359550562	0.0112359550562	0.0112359550562	0.0112359550562	0.0114942528736
3041	0.0	0.0112359550562	0.0112359550562	0.0	0.0112359550562	0.0112359550562	0.0112359550562	0.0	0.0112359550562	0.0	0.0	0.0112359550562	0.0112359550562	0.0	0.0	0.0	0.0112359550562	0.0112359550562	0.0112359550562	0.0112359550562	0.0	0.0112359550562	0.0112359550562	0.0	0.0	0.0112359550562	0.0	0.0	0.0112359550562	0.0112359550562	0.0	0.0112359550562	0.0	0.0112359550562	0.0112359550562	0.0112359550562	0.0112359550562	0.0	0.0112359550562	0.0112359550562	0.0112359550562	0.0112359550562	0.0112359550562	0.0	0.404494382022	0.0112359550562	0.0112359550562	0.0112359550562	0.0	0.0112359550562	0.0	0.0112359550562	0.0114942528736	0.0112359550562	0.0	0.0112359550562	0.0	0.0	0.0	0.0112359550562	0.0112359550562	0.0	0.0112359550562	0.0112359550562	0.0	0.0112359550562	0.0	0.0112359550562	0.0	0.0	0.0	0.0	0.0112359550562	0.0114942528736	0.0112359550562	0.0112359550562	0.0	0.0112359550562	0.0112359550562	0.0112359550562	0.0112359550562	0.0112359550562	0.0	0.0	0.0	0.0112359550562	0.0112359550562	0.0114942528736
3131	0.0	0.0112359550562	0.0	0.0	0.0	0.0	0.0	0.0	0.0	0.0	0.0	0.0	0.0	0.0	0.0	0.0	0.0	0.0	0.0	0.0	0.0	0.0	0.0	0.0	0.0	0.0	0.0	0.0	0.0	0.0	0.0	0.0	0.0	0.0	0.0	0.0	0.0	0.0	0.0	0.0	0.0	0.0	0.0	0.0	0.0	0.977528089888	0.0	0.0	0.0	0.0	0.0	0.0	0.0	0.0	0.0	0.0	0.0	0.0	0.0	0.0	0.0	0.0	0.0	0.0	0.0	0.0	0.0	0.0112359550562	0.0	0.0	0.0	0.0	0.0	0.0	0.0	0.0	0.0	0.0	0.0	0.0	0.0	0.0	0.0	0.0	0.0	0.0	0.0	0.0
172	0.0	0.0112359550562	0.0	0.0	0.0	0.0	0.0	0.0	0.0112359550562	0.0	0.0	0.0112359550562	0.0	0.0	0.0	0.0	0.0112359550562	0.0	0.0112359550562	0.0	0.0	0.0	0.0	0.0	0.0	0.0112359550562	0.0	0.0	0.0	0.0112359550562	0.0	0.0112359550562	0.0	0.0	0.0	0.0112359550562	0.0	0.0	0.0	0.0	0.0112359550562	0.0112359550562	0.0	0.0	0.0	0.0112359550562	0.808988764045	0.0	0.0	0.0	0.0	0.0	0.0	0.0	0.0	0.0	0.0	0.0	0.0	0.0	0.0112359550562	0.0	0.0112359550562	0.0	0.0	0.0	0.0	0.0112359550562	0.0	0.0	0.0	0.0	0.0	0.0114942528736	0.0	0.0112359550562	0.0	0.0	0.0	0.0	0.0	0.0	0.0	0.0	0.0	0.0	0.0	0.0
3185	0.0	0.0	0.0	0.0	0.0	0.0	0.0	0.0	0.0	0.0	0.0	0.0	0.0	0.0	0.0	0.0	0.0	0.0	0.0	0.0	0.0	0.0	0.0	0.0	0.0	0.0	0.0	0.0	0.0	0.0	0.0	0.0	0.0	0.0	0.0	0.0	0.0	0.0	0.0	0.0	0.0	0.0	0.0	0.0	0.0	0.0	0.0	1.0	0.0	0.0	0.0	0.0	0.0	0.0	0.0	0.0	0.0	0.0	0.0	0.0	0.0	0.0	0.0	0.0	0.0	0.0	0.0	0.0	0.0	0.0	0.0	0.0	0.0	0.0	0.0	0.0	0.0	0.0	0.0	0.0	0.0	0.0	0.0	0.0	0.0	0.0	0.0	0.0
138	0.0	0.0	0.0	0.0	0.0	0.0	0.0	0.0112359550562	0.0	0.0112359550562	0.0	0.0	0.0	0.0	0.0	0.0	0.0	0.0	0.0	0.0	0.0114942528736	0.0	0.0	0.0112359550562	0.0	0.0	0.0	0.0	0.0	0.0	0.0	0.0	0.0	0.0	0.0	0.0	0.0	0.0	0.0	0.0	0.0	0.0	0.0	0.0114942528736	0.0112359550562	0.0	0.0	0.0	0.876404494382	0.0	0.0112359550562	0.0	0.0	0.0112359550562	0.0	0.0	0.0	0.0112359550562	0.0114942528736	0.0	0.0	0.0	0.0	0.0	0.0	0.0	0.0	0.0	0.0	0.0	0.0112359550562	0.0	0.0	0.0	0.0	0.0	0.0	0.0	0.0	0.0	0.0	0.0	0.0	0.0	0.0	0.0	0.0	0.0
183	0.0	0.0	0.0	0.0	0.0	0.0	0.0	0.0	0.0	0.0	0.0	0.0112359550562	0.0	0.0	0.0	0.0	0.0	0.0	0.0112359550562	0.0	0.0	0.0	0.0	0.0	0.0	0.0	0.0	0.0	0.0	0.0112359550562	0.0	0.0	0.0	0.0	0.0	0.0	0.0	0.0	0.0	0.0	0.0	0.0112359550562	0.0112359550562	0.0	0.0	0.0	0.0	0.0	0.0	0.921348314607	0.0	0.0	0.0	0.0	0.0	0.0	0.0	0.0	0.0	0.0	0.0	0.0	0.0112359550562	0.0	0.0	0.0	0.0	0.0	0.0	0.0	0.0	0.0	0.0	0.0114942528736	0.0	0.0	0.0	0.0	0.0	0.0	0.0	0.0	0.0	0.0	0.0	0.0	0.0	0.0
2866	0.0	0.0	0.0	0.0	0.0	0.0	0.0	0.0	0.0	0.0	0.0	0.0	0.0	0.0	0.0	0.0	0.0	0.0	0.0	0.0	0.0	0.0	0.0	0.0	0.0112359550562	0.0	0.0	0.0112359550562	0.0	0.0	0.0	0.0	0.0	0.0	0.0	0.0	0.0	0.0	0.0112359550562	0.0	0.0	0.0	0.0	0.0	0.0	0.0	0.0	0.0	0.0	0.0	0.910112359551	0.0	0.0	0.0	0.0	0.0	0.0	0.0112359550562	0.0	0.0	0.0	0.0114942528736	0.0	0.0	0.0112359550562	0.0	0.0	0.0	0.0	0.0	0.0112359550562	0.0	0.0	0.0	0.0	0.0	0.0112359550562	0.0	0.0	0.0	0.0	0.0	0.0	0.0	0.0	0.0	0.0	0.0
3192	0.0	0.0	0.0	0.0	0.0	0.0	0.0	0.0	0.0	0.0	0.0	0.0	0.0	0.0	0.0	0.0	0.0	0.0	0.0	0.0	0.0	0.0	0.0	0.0	0.0	0.0	0.0	0.0	0.0	0.0	0.0	0.0	0.0	0.0	0.0	0.0	0.0	0.0	0.0	0.0	0.0	0.0	0.0	0.0	0.0	0.0	0.0	0.0	0.0	0.0	0.0	1.0	0.0	0.0	0.0	0.0	0.0	0.0	0.0	0.0	0.0	0.0	0.0	0.0	0.0	0.0	0.0	0.0	0.0	0.0	0.0	0.0	0.0	0.0	0.0	0.0	0.0	0.0	0.0	0.0	0.0	0.0	0.0	0.0	0.0	0.0	0.0	0.0
10924	0.0	0.0	0.0	0.0	0.0	0.0	0.0	0.0112359550562	0.0	0.0112359550562	0.0114942528736	0.0	0.0	0.0	0.0112359550562	0.0	0.0	0.0	0.0	0.0	0.0114942528736	0.0	0.0	0.0112359550562	0.0112359550562	0.0	0.0112359550562	0.0112359550562	0.0	0.0	0.0112359550562	0.0	0.0113636363636	0.0	0.0	0.0	0.0	0.0	0.0	0.0	0.0	0.0	0.0	0.0114942528736	0.0112359550562	0.0	0.0	0.0	0.0112359550562	0.0	0.0112359550562	0.0	0.67816091954	0.0112359550562	0.0112359550562	0.0	0.0	0.0112359550562	0.0114942528736	0.0	0.0	0.0114942528736	0.0	0.0	0.0112359550562	0.0	0.0112359550562	0.0	0.0113636363636	0.0	0.0112359550562	0.0	0.0	0.0	0.0	0.0	0.0112359550562	0.0	0.0	0.0112359550562	0.0112359550562	0.0	0.0	0.0	0.0112359550562	0.0	0.0	0.0
3142	0.0	0.0	0.0	0.0	0.0	0.0	0.0	0.0	0.0	0.0	0.0	0.0	0.0	0.0	0.0	0.0	0.0	0.0	0.0	0.0	0.0114942528736	0.0	0.0	0.0112359550562	0.0	0.0	0.0112359550562	0.0	0.0	0.0	0.0112359550562	0.0	0.0113636363636	0.0	0.0	0.0	0.0	0.0	0.0	0.0	0.0	0.0	0.0	0.0	0.0112359550562	0.0	0.0	0.0	0.0	0.0	0.0	0.0	0.0	0.887640449438	0.0	0.0	0.0	0.0112359550562	0.0114942528736	0.0	0.0	0.0	0.0	0.0	0.0	0.0	0.0	0.0	0.0	0.0	0.0112359550562	0.0	0.0	0.0	0.0	0.0	0.0112359550562	0.0	0.0	0.0	0.0	0.0	0.0	0.0	0.0	0.0	0.0	0.0
419	0.0	0.0112359550562	0.0	0.0112359550562	0.0112359550562	0.0	0.0	0.0	0.0	0.0	0.0	0.0112359550562	0.0	0.0	0.0	0.0	0.0	0.0112359550562	0.0	0.0112359550562	0.0	0.0	0.0112359550562	0.0	0.0	0.0	0.0	0.0112359550562	0.0112359550562	0.0112359550562	0.0	0.0	0.0	0.0112359550562	0.0	0.0	0.0	0.0112359550562	0.0	0.0112359550562	0.0	0.0	0.0	0.0	0.0	0.0112359550562	0.0	0.0112359550562	0.0	0.0112359550562	0.0	0.0112359550562	0.0114942528736	0.0	0.696629213483	0.0	0.0	0.0	0.0	0.0112359550562	0.0	0.0	0.0	0.0112359550562	0.0112359550562	0.0112359550562	0.0	0.0112359550562	0.0	0.0	0.0	0.0	0.0	0.0114942528736	0.0	0.0	0.0	0.0	0.0112359550562	0.0	0.0	0.0	0.0	0.0	0.0	0.0112359550562	0.0112359550562	0.0
2731	0.0112359550562	0.0	0.0	0.0	0.0	0.0	0.0	0.0	0.0	0.0	0.0	0.0	0.0	0.0	0.0112359550562	0.0	0.0	0.0	0.0	0.0	0.0	0.0	0.0	0.0	0.0	0.0	0.0	0.0	0.0	0.0	0.0	0.0	0.0	0.0	0.0	0.0	0.0	0.0	0.0	0.0	0.0	0.0	0.0	0.0114942528736	0.0	0.0	0.0	0.0	0.0	0.0	0.0112359550562	0.0	0.0	0.0	0.0	0.910112359551	0.0	0.0112359550562	0.0114942528736	0.0	0.0	0.0	0.0	0.0	0.0	0.0	0.0	0.0	0.0	0.0112359550562	0.0112359550562	0.0	0.0	0.0	0.0	0.0	0.0	0.0	0.0	0.0	0.0	0.0	0.0	0.0	0.0	0.0	0.0	0.0
3158	0.0	0.0	0.0	0.0	0.0	0.0	0.0	0.0	0.0	0.0	0.0	0.0	0.0	0.0112359550562	0.0	0.0112359550562	0.0	0.0	0.0	0.0	0.0	0.0	0.0	0.0	0.0	0.0	0.0	0.0	0.0	0.0	0.0	0.0	0.0	0.0	0.0	0.0	0.0	0.0	0.0	0.0	0.0	0.0	0.0	0.0	0.0	0.0	0.0	0.0	0.0	0.0	0.0	0.0	0.0	0.0	0.0	0.0	0.977528089888	0.0	0.0	0.0	0.0	0.0	0.0	0.0	0.0	0.0	0.0	0.0	0.0	0.0	0.0	0.0	0.0	0.0	0.0	0.0	0.0	0.0	0.0	0.0	0.0	0.0	0.0	0.0	0.0	0.0	0.0	0.0
1587	0.0	0.0	0.0	0.0	0.0	0.0	0.0	0.0	0.0	0.0	0.0	0.0	0.0	0.0	0.0	0.0	0.0	0.0	0.0	0.0	0.0	0.0	0.0	0.0	0.0	0.0	0.0	0.0	0.0	0.0	0.0	0.0	0.0	0.0	0.0	0.0	0.0	0.0	0.0	0.0	0.0	0.0	0.0	0.0	0.0	0.0	0.0	0.0	0.0	0.0	0.0	0.0	0.0	0.0	0.0	0.0	0.0	0.988764044944	0.0	0.0	0.0	0.0	0.0	0.0	0.0	0.0	0.0	0.0	0.0	0.0	0.0112359550562	0.0	0.0	0.0	0.0	0.0	0.0	0.0	0.0	0.0	0.0	0.0	0.0	0.0	0.0	0.0	0.0	0.0
3039	0.0112359550562	0.0112359550562	0.0112359550562	0.0112359550562	0.0112359550562	0.0112359550562	0.0112359550562	0.0112359550562	0.0112359550562	0.0112359550562	0.0114942528736	0.0112359550562	0.0112359550562	0.0112359550562	0.0112359550562	0.0112359550562	0.0112359550562	0.0112359550562	0.0112359550562	0.0112359550562	0.0114942528736	0.0112359550562	0.0112359550562	0.0	0.0112359550562	0.0112359550562	0.0112359550562	0.0112359550562	0.0112359550562	0.0112359550562	0.0112359550562	0.0112359550562	0.0113636363636	0.0112359550562	0.0112359550562	0.0112359550562	0.0112359550562	0.0112359550562	0.0112359550562	0.0112359550562	0.0112359550562	0.0112359550562	0.0112359550562	0.0114942528736	0.0112359550562	0.0112359550562	0.0112359550562	0.0112359550562	0.0112359550562	0.0112359550562	0.0112359550562	0.0112359550562	0.0114942528736	0.0112359550562	0.0112359550562	0.0112359550562	0.0112359550562	0.0112359550562	0.0114942528736	0.0112359550562	0.0112359550562	0.0114942528736	0.0112359550562	0.0112359550562	0.0112359550562	0.0112359550562	0.0112359550562	0.0112359550562	0.0113636363636	0.0112359550562	0.0112359550562	0.0112359550562	0.0112359550562	0.0114942528736	0.0112359550562	0.0112359550562	0.0112359550562	0.0112359550562	0.0112359550562	0.0112359550562	0.0112359550562	0.0112359550562	0.0112359550562	0.0112359550562	0.0112359550562	0.0112359550562	0.0112359550562	0.0114942528736
3193	0.0	0.0	0.0	0.0	0.0	0.0	0.0	0.0	0.0	0.0	0.0	0.0	0.0	0.0	0.0	0.0	0.0	0.0	0.0	0.0	0.0	0.0	0.0	0.0	0.0	0.0	0.0	0.0	0.0	0.0	0.0	0.0	0.0	0.0	0.0	0.0	0.0	0.0	0.0	0.0	0.0	0.0	0.0	0.0	0.0	0.0	0.0	0.0	0.0	0.0	0.0	0.0	0.0	0.0	0.0	0.0	0.0	0.0	0.0	1.0	0.0	0.0	0.0	0.0	0.0	0.0	0.0	0.0	0.0	0.0	0.0	0.0	0.0	0.0	0.0	0.0	0.0	0.0	0.0	0.0	0.0	0.0	0.0	0.0	0.0	0.0	0.0	0.0
141	0.0	0.0	0.0	0.0	0.0	0.0	0.0	0.0	0.0	0.0	0.0	0.0	0.0	0.0	0.0	0.0	0.0	0.0	0.0	0.0	0.0	0.0	0.0	0.0	0.0	0.0	0.0	0.0	0.0	0.0	0.0	0.0	0.0	0.0	0.0	0.0	0.0	0.0	0.0	0.0	0.0	0.0	0.0	0.0	0.0	0.0	0.0	0.0	0.0	0.0	0.0	0.0	0.0	0.0	0.0	0.0	0.0	0.0	0.0	0.0	1.0	0.0	0.0	0.0	0.0	0.0	0.0	0.0	0.0	0.0	0.0	0.0	0.0	0.0	0.0	0.0	0.0	0.0	0.0	0.0	0.0	0.0	0.0	0.0	0.0	0.0	0.0	0.0
8625	0.0112359550562	0.0112359550562	0.0112359550562	0.0112359550562	0.0112359550562	0.0112359550562	0.0112359550562	0.0112359550562	0.0112359550562	0.0112359550562	0.0114942528736	0.0112359550562	0.0112359550562	0.0112359550562	0.0112359550562	0.0112359550562	0.0112359550562	0.0112359550562	0.0112359550562	0.0112359550562	0.0114942528736	0.0112359550562	0.0112359550562	0.0	0.0112359550562	0.0112359550562	0.0112359550562	0.0112359550562	0.0112359550562	0.0112359550562	0.0112359550562	0.0112359550562	0.0113636363636	0.0112359550562	0.0112359550562	0.0112359550562	0.0112359550562	0.0112359550562	0.0112359550562	0.0112359550562	0.0112359550562	0.0112359550562	0.0112359550562	0.0	0.0112359550562	0.0112359550562	0.0112359550562	0.0112359550562	0.0112359550562	0.0112359550562	0.0	0.0112359550562	0.0114942528736	0.0112359550562	0.0112359550562	0.0112359550562	0.0112359550562	0.0	0.0	0.0112359550562	0.0112359550562	0.0689655172414	0.0112359550562	0.0112359550562	0.0112359550562	0.0112359550562	0.0112359550562	0.0112359550562	0.0113636363636	0.0112359550562	0.0	0.0112359550562	0.0112359550562	0.0114942528736	0.0112359550562	0.0112359550562	0.0112359550562	0.0112359550562	0.0112359550562	0.0112359550562	0.0112359550562	0.0112359550562	0.0112359550562	0.0112359550562	0.0112359550562	0.0112359550562	0.0112359550562	0.0114942528736
143	0.0	0.0	0.0	0.0	0.0	0.0	0.0	0.0	0.0	0.0	0.0	0.0	0.0	0.0	0.0	0.0	0.0	0.0	0.0	0.0	0.0	0.0112359550562	0.0	0.0	0.0	0.0	0.0	0.0	0.0	0.0	0.0	0.0	0.0	0.0	0.0	0.0	0.0112359550562	0.0	0.0	0.0	0.0	0.0	0.0	0.0	0.0	0.0	0.0	0.0	0.0	0.0	0.0	0.0	0.0	0.0	0.0	0.0	0.0	0.0	0.0	0.0	0.0	0.0	0.977528089888	0.0	0.0	0.0	0.0	0.0	0.0	0.0	0.0	0.0	0.0	0.0	0.0	0.0	0.0	0.0	0.0	0.0	0.0	0.0	0.0	0.0	0.0	0.0	0.0	0.0
186	0.0	0.0	0.0	0.0	0.0	0.0	0.0	0.0	0.0	0.0	0.0	0.0	0.0	0.0	0.0	0.0	0.0	0.0	0.0	0.0	0.0	0.0	0.0112359550562	0.0	0.0	0.0	0.0	0.0	0.0	0.0	0.0	0.0	0.0	0.0	0.0	0.0	0.0	0.0	0.0	0.0112359550562	0.0	0.0	0.0	0.0	0.0	0.0	0.0	0.0	0.0	0.0	0.0	0.0112359550562	0.0	0.0	0.0	0.0	0.0	0.0	0.0	0.0	0.0	0.0	0.0	0.955056179775	0.0	0.0	0.0	0.0	0.0	0.0	0.0	0.0	0.0	0.0	0.0	0.0	0.0	0.0	0.0112359550562	0.0	0.0	0.0	0.0	0.0	0.0	0.0	0.0	0.0
1583	0.0	0.0	0.0	0.0	0.0	0.0	0.0	0.0	0.0	0.0	0.0	0.0	0.0	0.0	0.0	0.0	0.0	0.0	0.0	0.0	0.0114942528736	0.0	0.0	0.0	0.0	0.0	0.0	0.0	0.0	0.0	0.0	0.0	0.0	0.0	0.0	0.0	0.0	0.0	0.0	0.0	0.0	0.0	0.0	0.0	0.0	0.0	0.0	0.0	0.0	0.0	0.0	0.0	0.0	0.0	0.0	0.0	0.0	0.0112359550562	0.0	0.0	0.0	0.0	0.0	0.0	0.955056179775	0.0	0.0	0.0	0.0	0.0	0.0112359550562	0.0	0.0	0.0	0.0	0.0	0.0112359550562	0.0	0.0	0.0	0.0	0.0	0.0	0.0	0.0	0.0	0.0	0.0
3187	0.0	0.0	0.0	0.0	0.0	0.0	0.0	0.0	0.0	0.0	0.0	0.0	0.0	0.0	0.0	0.0	0.0	0.0	0.0	0.0	0.0	0.0	0.0	0.0	0.0	0.0	0.0	0.0	0.0	0.0	0.0	0.0	0.0	0.0	0.0	0.0	0.0	0.0	0.0	0.0	0.0	0.0	0.0	0.0	0.0	0.0	0.0	0.0	0.0	0.0	0.0	0.0	0.0	0.0	0.0	0.0	0.0	0.0	0.0	0.0	0.0	0.0	0.0	0.0	0.0	1.0	0.0	0.0	0.0	0.0	0.0	0.0	0.0	0.0	0.0	0.0	0.0	0.0	0.0	0.0	0.0	0.0	0.0	0.0	0.0	0.0	0.0	0.0
8719	0.0	0.0	0.0	0.0	0.0	0.0	0.0	0.0	0.0	0.0	0.0	0.0	0.0	0.0	0.0	0.0	0.0	0.0	0.0	0.0	0.0114942528736	0.0	0.0	0.0112359550562	0.0	0.0	0.0	0.0	0.0	0.0	0.0	0.0	0.0	0.0	0.0	0.0	0.0	0.0	0.0	0.0	0.0	0.0	0.0	0.0114942528736	0.0112359550562	0.0	0.0	0.0	0.0	0.0	0.0112359550562	0.0	0.0	0.0	0.0	0.0	0.0	0.0112359550562	0.0114942528736	0.0	0.0	0.0114942528736	0.0	0.0	0.0	0.0	0.898876404494	0.0	0.0	0.0	0.0112359550562	0.0	0.0	0.0	0.0	0.0	0.0	0.0	0.0	0.0	0.0	0.0	0.0	0.0	0.0	0.0	0.0	0.0
3175	0.0	0.0	0.0	0.0	0.0	0.0	0.0	0.0	0.0	0.0	0.0	0.0	0.0	0.0	0.0	0.0	0.0	0.0	0.0	0.0	0.0	0.0	0.0	0.0	0.0	0.0	0.0	0.0	0.0	0.0	0.0	0.0	0.0	0.0	0.0	0.0	0.0	0.0	0.0	0.0	0.0	0.0	0.0	0.0	0.0	0.0	0.0	0.0	0.0	0.0	0.0	0.0	0.0	0.0	0.0	0.0	0.0	0.0	0.0	0.0	0.0	0.0	0.0	0.0	0.0	0.0	0.0	1.0	0.0	0.0	0.0	0.0	0.0	0.0	0.0	0.0	0.0	0.0	0.0	0.0	0.0	0.0	0.0	0.0	0.0	0.0	0.0	0.0
4	0.0	0.0112359550562	0.0112359550562	0.0112359550562	0.0112359550562	0.0	0.0112359550562	0.0	0.0112359550562	0.0	0.0114942528736	0.0112359550562	0.0112359550562	0.0112359550562	0.0	0.0	0.0112359550562	0.0112359550562	0.0112359550562	0.0112359550562	0.0114942528736	0.0112359550562	0.0112359550562	0.0	0.0112359550562	0.0112359550562	0.0	0.0112359550562	0.0112359550562	0.0112359550562	0.0112359550562	0.0112359550562	0.0	0.0112359550562	0.0112359550562	0.0112359550562	0.0112359550562	0.0112359550562	0.0112359550562	0.0112359550562	0.0112359550562	0.0112359550562	0.0112359550562	0.0	0.0	0.0112359550562	0.0112359550562	0.0112359550562	0.0	0.0112359550562	0.0	0.0112359550562	0.0114942528736	0.0	0.0	0.0112359550562	0.0112359550562	0.0	0.0	0.0112359550562	0.0112359550562	0.0114942528736	0.0112359550562	0.0112359550562	0.0112359550562	0.0112359550562	0.0	0.0112359550562	0.272727272727	0.0	0.0	0.0112359550562	0.0112359550562	0.0114942528736	0.0112359550562	0.0112359550562	0.0	0.0112359550562	0.0112359550562	0.0112359550562	0.0112359550562	0.0112359550562	0.0112359550562	0.0	0.0112359550562	0.0112359550562	0.0112359550562	0.0
3162	0.0112359550562	0.0	0.0	0.0	0.0	0.0	0.0	0.0	0.0	0.0	0.0	0.0	0.0	0.0112359550562	0.0112359550562	0.0112359550562	0.0	0.0	0.0	0.0	0.0	0.0	0.0	0.0	0.0	0.0	0.0	0.0	0.0	0.0	0.0	0.0	0.0	0.0	0.0	0.0	0.0	0.0	0.0	0.0	0.0	0.0	0.0	0.0	0.0	0.0	0.0	0.0	0.0	0.0	0.0	0.0	0.0	0.0	0.0	0.0	0.0112359550562	0.0	0.0	0.0	0.0	0.0	0.0	0.0	0.0	0.0	0.0	0.0	0.0	0.943820224719	0.0	0.0	0.0	0.0	0.0	0.0	0.0	0.0	0.0	0.0	0.0	0.0	0.0	0.0	0.0	0.0	0.0	0.0
2883	0.0	0.0	0.0	0.0	0.0	0.0	0.0	0.0112359550562	0.0	0.0112359550562	0.0	0.0	0.0	0.0	0.0	0.0	0.0	0.0	0.0	0.0	0.0	0.0	0.0	0.0112359550562	0.0	0.0	0.0112359550562	0.0	0.0	0.0	0.0	0.0	0.0	0.0	0.0	0.0	0.0	0.0	0.0	0.0	0.0	0.0	0.0	0.0114942528736	0.0112359550562	0.0	0.0	0.0	0.0112359550562	0.0	0.0112359550562	0.0	0.0	0.0112359550562	0.0112359550562	0.0	0.0	0.0	0.0114942528736	0.0	0.0	0.0	0.0	0.0	0.0	0.0	0.0	0.0	0.0	0.0	0.876404494382	0.0	0.0	0.0	0.0	0.0	0.0	0.0	0.0	0.0	0.0	0.0	0.0	0.0	0.0	0.0	0.0	0.0
418	0.0	0.0112359550562	0.0112359550562	0.0112359550562	0.0112359550562	0.0112359550562	0.0112359550562	0.0	0.0112359550562	0.0	0.0	0.0112359550562	0.0112359550562	0.0	0.0	0.0	0.0112359550562	0.0112359550562	0.0112359550562	0.0112359550562	0.0	0.0112359550562	0.0112359550562	0.0	0.0	0.0112359550562	0.0	0.0112359550562	0.0112359550562	0.0112359550562	0.0	0.0112359550562	0.0	0.0112359550562	0.0112359550562	0.0112359550562	0.0112359550562	0.0112359550562	0.0112359550562	0.0112359550562	0.0112359550562	0.0112359550562	0.0112359550562	0.0	0.0	0.0112359550562	0.0112359550562	0.0112359550562	0.0	0.0112359550562	0.0	0.0112359550562	0.0114942528736	0.0	0.0	0.0112359550562	0.0	0.0	0.0	0.0112359550562	0.0112359550562	0.0	0.0112359550562	0.0112359550562	0.0112359550562	0.0112359550562	0.0	0.0112359550562	0.0	0.0	0.0	0.370786516854	0.0112359550562	0.0114942528736	0.0112359550562	0.0112359550562	0.0	0.0112359550562	0.0112359550562	0.0	0.0	0.0112359550562	0.0112359550562	0.0112359550562	0.0	0.0112359550562	0.0112359550562	0.0114942528736
3129	0.0	0.0112359550562	0.0	0.0	0.0	0.0112359550562	0.0	0.0	0.0	0.0	0.0	0.0	0.0	0.0	0.0	0.0	0.0	0.0	0.0	0.0	0.0	0.0	0.0	0.0	0.0	0.0	0.0	0.0	0.0	0.0	0.0	0.0	0.0	0.0	0.0	0.0	0.0	0.0	0.0	0.0	0.0	0.0	0.0	0.0	0.0	0.0112359550562	0.0	0.0	0.0	0.0	0.0	0.0	0.0	0.0	0.0	0.0	0.0	0.0	0.0	0.0	0.0	0.0	0.0	0.0	0.0	0.0	0.0	0.0112359550562	0.0	0.0	0.0	0.0	0.955056179775	0.0	0.0	0.0	0.0	0.0	0.0	0.0	0.0	0.0	0.0	0.0	0.0	0.0	0.0	0.0
3	0.0	0.0	0.0	0.0	0.0	0.0	0.0	0.0	0.0	0.0	0.0	0.0	0.0	0.0	0.0	0.0	0.0	0.0	0.0112359550562	0.0	0.0	0.0	0.0	0.0	0.0	0.0	0.0	0.0	0.0	0.0	0.0	0.0	0.0	0.0	0.0	0.0	0.0	0.0	0.0	0.0	0.0	0.0112359550562	0.0	0.0	0.0	0.0	0.0	0.0	0.0	0.0	0.0	0.0	0.0	0.0	0.0	0.0	0.0	0.0	0.0	0.0	0.0	0.0	0.0112359550562	0.0	0.0	0.0	0.0	0.0	0.0	0.0	0.0	0.0	0.0	0.965517241379	0.0	0.0	0.0	0.0	0.0	0.0	0.0	0.0	0.0	0.0	0.0	0.0	0.0	0.0
118	0.0	0.0	0.0	0.0	0.0	0.0	0.0	0.0	0.0	0.0	0.0	0.0112359550562	0.0	0.0	0.0	0.0	0.0	0.0	0.0	0.0	0.0	0.0	0.0	0.0	0.0	0.0	0.0	0.0	0.0	0.0112359550562	0.0	0.0	0.0	0.0	0.0	0.0	0.0	0.0	0.0	0.0	0.0	0.0	0.0	0.0	0.0	0.0	0.0	0.0	0.0	0.0	0.0	0.0	0.0	0.0	0.0	0.0	0.0	0.0	0.0	0.0	0.0	0.0	0.0	0.0	0.0	0.0	0.0	0.0	0.0	0.0	0.0	0.0	0.0	0.0114942528736	0.966292134831	0.0	0.0	0.0	0.0	0.0	0.0	0.0	0.0	0.0	0.0	0.0	0.0	0.0
139	0.0	0.0	0.0	0.0	0.0	0.0	0.0	0.0	0.0112359550562	0.0	0.0	0.0	0.0	0.0	0.0	0.0	0.0	0.0	0.0	0.0	0.0	0.0	0.0	0.0	0.0	0.0	0.0	0.0	0.0	0.0	0.0	0.0	0.0	0.0	0.0	0.0	0.0	0.0	0.0	0.0	0.0	0.0	0.0	0.0	0.0	0.0	0.0	0.0	0.0	0.0	0.0	0.0	0.0	0.0	0.0	0.0	0.0	0.0	0.0	0.0	0.0	0.0	0.0	0.0	0.0	0.0	0.0	0.0	0.0	0.0	0.0	0.0	0.0	0.0	0.0	0.988764044944	0.0	0.0	0.0	0.0	0.0	0.0	0.0	0.0	0.0	0.0	0.0	0.0
1584	0.0	0.0	0.0	0.0	0.0	0.0	0.0	0.0	0.0	0.0	0.0	0.0	0.0	0.0	0.0	0.0	0.0	0.0	0.0	0.0	0.0	0.0	0.0	0.0	0.0	0.0	0.0	0.0	0.0	0.0	0.0	0.0	0.0	0.0	0.0	0.0	0.0	0.0	0.0	0.0	0.0	0.0	0.0	0.0	0.0	0.0	0.0	0.0	0.0	0.0	0.0	0.0	0.0	0.0	0.0	0.0	0.0	0.0	0.0	0.0	0.0	0.0	0.0	0.0	0.0	0.0	0.0	0.0	0.0	0.0	0.0	0.0	0.0	0.0	0.0	0.0	1.0	0.0	0.0	0.0	0.0	0.0	0.0	0.0	0.0	0.0	0.0	0.0
166	0.0	0.0	0.0	0.0	0.0	0.0	0.0	0.0	0.0	0.0	0.0	0.0	0.0	0.0	0.0	0.0	0.0112359550562	0.0	0.0	0.0	0.0	0.0	0.0	0.0	0.0	0.0	0.0	0.0	0.0	0.0	0.0	0.0	0.0	0.0	0.0	0.0	0.0	0.0	0.0	0.0	0.0	0.0112359550562	0.0	0.0	0.0	0.0	0.0	0.0	0.0	0.0	0.0	0.0	0.0	0.0	0.0	0.0	0.0	0.0	0.0	0.0	0.0	0.0	0.0112359550562	0.0	0.0	0.0	0.0	0.0	0.0	0.0	0.0	0.0	0.0	0.0	0.0	0.0	0.0	0.966292134831	0.0	0.0	0.0	0.0	0.0	0.0	0.0	0.0	0.0	0.0
2714	0.0	0.0	0.0	0.0	0.0	0.0	0.0	0.0	0.0112359550562	0.0	0.0	0.0	0.0	0.0	0.0	0.0	0.0	0.0	0.0	0.0	0.0	0.0	0.0	0.0	0.0	0.0112359550562	0.0	0.0	0.0	0.0112359550562	0.0	0.0	0.0	0.0	0.0	0.0	0.0	0.0	0.0	0.0	0.0112359550562	0.0	0.0	0.0	0.0	0.0	0.0	0.0	0.0	0.0112359550562	0.0	0.0	0.0	0.0	0.0	0.0	0.0	0.0	0.0	0.0112359550562	0.0112359550562	0.0	0.0112359550562	0.0	0.0	0.0112359550562	0.0	0.0	0.0	0.0	0.0	0.0	0.0	0.0114942528736	0.0	0.0112359550562	0.0	0.0	0.876404494382	0.0	0.0	0.0	0.0	0.0	0.0	0.0	0.0	0.0
149	0.0	0.0	0.0	0.0	0.0	0.0	0.0112359550562	0.0	0.0	0.0	0.0	0.0112359550562	0.0	0.0	0.0	0.0	0.0112359550562	0.0	0.0112359550562	0.0112359550562	0.0	0.0112359550562	0.0	0.0	0.0	0.0	0.0	0.0	0.0	0.0112359550562	0.0	0.0112359550562	0.0	0.0	0.0	0.0112359550562	0.0112359550562	0.0	0.0	0.0112359550562	0.0	0.0112359550562	0.0112359550562	0.0	0.0	0.0	0.0	0.0	0.0	0.0112359550562	0.0	0.0	0.0	0.0	0.0	0.0112359550562	0.0	0.0	0.0	0.0	0.0	0.0	0.0112359550562	0.0	0.0	0.0	0.0	0.0	0.0	0.0	0.0	0.0	0.0	0.0114942528736	0.0112359550562	0.0	0.0	0.0112359550562	0.0112359550562	0.752808988764	0.0	0.0	0.0	0.0112359550562	0.0	0.0	0.0	0.0114942528736
147	0.0	0.0	0.0112359550562	0.0	0.0	0.0	0.0112359550562	0.0	0.0	0.0	0.0	0.0112359550562	0.0	0.0	0.0	0.0	0.0112359550562	0.0	0.0112359550562	0.0112359550562	0.0	0.0112359550562	0.0	0.0	0.0	0.0	0.0	0.0	0.0	0.0112359550562	0.0	0.0112359550562	0.0	0.0	0.0112359550562	0.0112359550562	0.0112359550562	0.0	0.0	0.0112359550562	0.0	0.0112359550562	0.0112359550562	0.0	0.0	0.0	0.0	0.0	0.0	0.0112359550562	0.0	0.0	0.0	0.0	0.0	0.0112359550562	0.0	0.0	0.0	0.0	0.0	0.0	0.0112359550562	0.0	0.0	0.0	0.0	0.0	0.0	0.0	0.0	0.0	0.0	0.0114942528736	0.0112359550562	0.0	0.0	0.0112359550562	0.0112359550562	0.0112359550562	0.719101123596	0.0	0.0	0.0112359550562	0.0	0.0	0.0	0.0114942528736
157	0.0	0.0112359550562	0.0	0.0	0.0	0.0	0.0112359550562	0.0	0.0112359550562	0.0	0.0	0.0112359550562	0.0112359550562	0.0	0.0	0.0	0.0112359550562	0.0	0.0112359550562	0.0112359550562	0.0	0.0112359550562	0.0112359550562	0.0	0.0	0.0112359550562	0.0	0.0	0.0	0.0112359550562	0.0	0.0112359550562	0.0	0.0112359550562	0.0	0.0112359550562	0.0112359550562	0.0	0.0	0.0112359550562	0.0112359550562	0.0112359550562	0.0112359550562	0.0	0.0	0.0112359550562	0.0112359550562	0.0112359550562	0.0	0.0112359550562	0.0	0.0112359550562	0.0	0.0	0.0	0.0	0.0	0.0	0.0	0.0112359550562	0.0112359550562	0.0	0.0112359550562	0.0	0.0	0.0112359550562	0.0	0.0112359550562	0.0	0.0	0.0	0.0	0.0112359550562	0.0114942528736	0.0112359550562	0.0112359550562	0.0	0.0112359550562	0.0112359550562	0.0	0.0	0.561797752809	0.0	0.0	0.0	0.0112359550562	0.0112359550562	0.0114942528736
3154	0.0112359550562	0.0112359550562	0.0112359550562	0.0	0.0	0.0112359550562	0.0112359550562	0.0	0.0112359550562	0.0	0.0	0.0112359550562	0.0112359550562	0.0112359550562	0.0112359550562	0.0112359550562	0.0112359550562	0.0112359550562	0.0112359550562	0.0112359550562	0.0	0.0112359550562	0.0112359550562	0.0	0.0	0.0112359550562	0.0	0.0	0.0112359550562	0.0112359550562	0.0	0.0112359550562	0.0	0.0112359550562	0.0112359550562	0.0112359550562	0.0112359550562	0.0112359550562	0.0	0.0112359550562	0.0112359550562	0.0112359550562	0.0112359550562	0.0	0.0	0.0112359550562	0.0112359550562	0.0112359550562	0.0	0.0112359550562	0.0	0.0112359550562	0.0114942528736	0.0	0.0	0.0112359550562	0.0112359550562	0.0	0.0	0.0112359550562	0.0112359550562	0.0	0.0112359550562	0.0	0.0	0.0112359550562	0.0	0.0112359550562	0.0	0.0112359550562	0.0	0.0	0.0112359550562	0.0114942528736	0.0112359550562	0.0112359550562	0.0	0.0112359550562	0.0112359550562	0.0	0.0	0.0112359550562	0.38202247191	0.0112359550562	0.0	0.0112359550562	0.0112359550562	0.0114942528736
2729	0.0112359550562	0.0	0.0	0.0	0.0	0.0	0.0	0.0	0.0	0.0	0.0	0.0	0.0	0.0112359550562	0.0112359550562	0.0112359550562	0.0	0.0	0.0	0.0	0.0	0.0	0.0	0.0	0.0	0.0	0.0	0.0	0.0	0.0	0.0	0.0	0.0	0.0	0.0	0.0	0.0	0.0	0.0	0.0	0.0	0.0	0.0	0.0114942528736	0.0112359550562	0.0	0.0	0.0	0.0	0.0	0.0112359550562	0.0	0.0	0.0	0.0	0.0112359550562	0.0112359550562	0.0	0.0114942528736	0.0	0.0	0.0114942528736	0.0	0.0	0.0	0.0	0.0	0.0	0.0	0.0112359550562	0.0	0.0	0.0	0.0	0.0	0.0	0.0	0.0	0.0	0.0	0.0	0.0	0.0	0.865168539326	0.0	0.0	0.0	0.0
2718	0.0112359550562	0.0	0.0	0.0	0.0	0.0	0.0	0.0	0.0	0.0	0.0	0.0	0.0	0.0112359550562	0.0112359550562	0.0112359550562	0.0	0.0	0.0	0.0	0.0	0.0	0.0	0.0	0.0	0.0	0.0	0.0	0.0	0.0	0.0	0.0	0.0113636363636	0.0	0.0	0.0	0.0	0.0	0.0	0.0	0.0	0.0	0.0	0.0	0.0	0.0	0.0	0.0	0.0	0.0	0.0	0.0	0.0	0.0	0.0	0.0112359550562	0.0	0.0	0.0114942528736	0.0	0.0	0.0114942528736	0.0	0.0	0.0	0.0	0.0	0.0	0.0	0.0112359550562	0.0	0.0	0.0	0.0	0.0	0.0	0.0	0.0	0.0	0.0	0.0	0.0	0.0	0.0112359550562	0.887640449438	0.0	0.0	0.0
3188	0.0	0.0	0.0	0.0	0.0	0.0	0.0	0.0	0.0	0.0	0.0	0.0	0.0	0.0	0.0	0.0	0.0	0.0	0.0	0.0	0.0	0.0	0.0	0.0	0.0	0.0	0.0	0.0	0.0	0.0	0.0	0.0	0.0	0.0	0.0	0.0	0.0	0.0	0.0	0.0	0.0	0.0	0.0	0.0	0.0	0.0	0.0	0.0	0.0	0.0	0.0	0.0	0.0	0.0	0.0	0.0	0.0	0.0	0.0	0.0	0.0	0.0	0.0	0.0	0.0	0.0	0.0	0.0	0.0	0.0	0.0	0.0	0.0	0.0	0.0	0.0	0.0	0.0	0.0	0.0	0.0	0.0	0.0	0.0	0.0	1.0	0.0	0.0
3194	0.0	0.0	0.0	0.0	0.0	0.0	0.0	0.0	0.0	0.0	0.0	0.0	0.0	0.0	0.0	0.0	0.0	0.0	0.0	0.0	0.0	0.0	0.0	0.0	0.0	0.0	0.0	0.0	0.0	0.0	0.0	0.0	0.0	0.0112359550562	0.0	0.0	0.0	0.0	0.0	0.0	0.0	0.0	0.0	0.0	0.0	0.0	0.0	0.0112359550562	0.0	0.0	0.0	0.0	0.0	0.0	0.0	0.0	0.0	0.0	0.0	0.0	0.0	0.0	0.0	0.0	0.0	0.0	0.0	0.0	0.0	0.0	0.0	0.0	0.0112359550562	0.0	0.0	0.0	0.0	0.0	0.0	0.0	0.0	0.0	0.0	0.0	0.0	0.0112359550562	0.955056179775	0.0
109	0.0	0.0	0.0	0.0	0.0	0.0	0.0	0.0	0.0	0.0	0.0	0.0	0.0	0.0	0.0	0.0	0.0	0.0	0.0	0.0	0.0	0.0	0.0	0.0	0.0	0.0	0.0	0.0	0.0	0.0	0.0	0.0	0.0	0.0	0.0	0.0	0.0112359550562	0.0	0.0	0.0	0.0	0.0	0.0	0.0	0.0	0.0	0.0	0.0	0.0	0.0	0.0	0.0	0.0	0.0	0.0	0.0	0.0	0.0	0.0	0.0	0.0	0.0	0.0	0.0	0.0	0.0	0.0	0.0	0.0	0.0	0.0	0.0	0.0	0.0	0.0112359550562	0.0	0.0	0.0	0.0	0.0	0.0	0.0	0.0	0.0	0.0	0.0	0.0	0.977011494253
